Date,Open,High,Low,Close,Adj Close,Volume
7/6/2016,54.669998,54.889999,54.220001,54.355,54.355,2832400
7/7/2016,54.314999,54.404999,53.985001,54.215,54.215,1726200
7/8/2016,54.615002,54.965,54.529999,54.845001,54.845001,2594000
7/11/2016,55,55.349998,54.845001,55.150002,55.150002,1898400
7/12/2016,55.52,55.705002,54.955002,55.095001,55.095001,1616400
7/13/2016,55.400002,55.5,55.215,55.285,55.285,1867600
7/14/2016,55.755001,55.755001,55.095001,55.275002,55.275002,1699600
7/15/2016,55.564999,55.564999,55.09,55.169998,55.169998,1423200
7/18/2016,55.305,55.5,55.055,55.130001,55.130001,1224000
7/19/2016,54.884998,55.34,54.884998,55.195,55.195,1138800
7/20/2016,55.240002,55.485001,55.240002,55.455002,55.455002,1068000
7/21/2016,55.435001,55.490002,54.790001,54.965,54.965,1230200
7/22/2016,55.105,55.299999,54.939999,55.240002,55.240002,1044600
7/25/2016,55.119999,55.330002,55,55.174999,55.174999,1035800
7/26/2016,55.25,55.73,55.165001,55.459999,55.459999,1611200
7/27/2016,55.404999,55.48,54.84,55,55,1597200
7/28/2016,54.919998,55.450001,54.735001,55.355,55.355,1718200
7/29/2016,55.400002,55.400002,54.965,55.18,55.18,1543400
8/1/2016,55.075001,55.5,55.040001,55.174999,55.174999,1890400
8/2/2016,54.959999,55.299999,54.625,54.705002,54.705002,2249600
8/3/2016,53.349998,53.775002,51.150002,52.224998,52.224998,6614800
8/4/2016,52.415001,53.029999,52.299999,52.790001,52.790001,3337800
8/5/2016,52.965,53.150002,52.555,52.595001,52.595001,2587400
8/8/2016,52.540001,52.625,51.875,51.994999,51.994999,1952000
8/9/2016,51.900002,52.25,51.764999,52.095001,52.095001,1607200
8/10/2016,52.105,52.474998,51.889999,52.095001,52.095001,1516600
8/11/2016,52.145,52.395,51.535,51.695,51.695,2586200
8/12/2016,51.540001,51.955002,51.474998,51.68,51.68,1500800
8/15/2016,51.845001,51.845001,51.470001,51.485001,51.485001,1517200
8/16/2016,51.299999,51.365002,50.77,50.77,50.77,1783400
8/17/2016,50.895,51.41,50.5,51.389999,51.389999,2645200
8/18/2016,51.255001,51.544998,51.014999,51.255001,51.255001,1368400
8/19/2016,51.095001,51.345001,50.93,51.27,51.27,1622200
8/22/2016,51.18,51.459999,51.07,51.419998,51.419998,1110400
8/23/2016,51.5,52.23,51.470001,52.060001,52.060001,2644600
8/24/2016,51.904999,52.119999,51.330002,51.360001,51.360001,2060800
8/25/2016,51.400002,51.875,51.299999,51.509998,51.509998,1084200
8/26/2016,51.66,52.34,51.485001,51.735001,51.735001,1607200
8/29/2016,51.724998,52,51.595001,51.639999,51.639999,1178600
8/30/2016,51.584999,51.810001,51.285,51.470001,51.470001,1041000
8/31/2016,51.48,51.650002,51.345001,51.525002,51.525002,1459600
9/1/2016,51.544998,52,51.365002,51.900002,51.900002,1434800
9/2/2016,52.240002,52.334999,51.93,52.169998,52.169998,1436200
9/6/2016,52.145,52.145,51.630001,51.849998,51.849998,1374400
9/7/2016,51.880001,51.880001,51.439999,51.564999,51.564999,1270400
9/8/2016,51.389999,51.535,51.07,51.134998,51.134998,1577000
9/9/2016,50.84,50.970001,50.125,50.139999,50.139999,2106400
9/12/2016,50.009998,50.665001,49.91,50.580002,50.580002,2128000
9/13/2016,50.290001,50.299999,49.575001,49.665001,49.665001,2465400
9/14/2016,49.639999,50.189999,49.099998,49.189999,49.189999,2686800
9/15/2016,49.080002,50.290001,48.865002,49.965,49.965,3570600
9/16/2016,50.075001,50.075001,49.330002,49.605,49.605,3993200
9/19/2016,49.66,50.075001,49.505001,49.650002,49.650002,1413200
9/20/2016,49.990002,50.014999,49.66,49.669998,49.669998,1578400
9/21/2016,49.939999,50.834999,49.82,50.75,50.75,2634600
9/22/2016,50.950001,51.375,50.919998,51.165001,51.165001,2094400
9/23/2016,51.139999,51.34,50.57,50.595001,50.595001,1411600
9/26/2016,50.294998,50.474998,50.02,50.125,50.125,1632400
9/27/2016,49.904999,50.380001,49.650002,50.305,50.305,1787600
9/28/2016,50.365002,50.365002,49.639999,50.115002,50.115002,2075800
9/29/2016,49.974998,50.279999,49.724998,49.860001,49.860001,1866600
9/30/2016,49.880001,49.990002,49.474998,49.735001,49.735001,2913000
10/3/2016,49.549999,49.990002,49.549999,49.875,49.875,1600400
10/4/2016,50.095001,50.134998,49.264999,49.445,49.445,1937200
10/5/2016,49.685001,49.939999,49.360001,49.845001,49.845001,2287800
10/6/2016,49.740002,50.415001,49.709999,50.404999,50.404999,2037600
10/7/2016,50.439999,50.439999,49.68,49.990002,49.990002,3070400
10/10/2016,50.115002,50.435001,50,50.27,50.27,1269000
10/11/2016,50.275002,50.275002,49.285,49.564999,49.564999,2040400
10/12/2016,49.540001,50.169998,49.310001,50.044998,50.044998,2073600
10/13/2016,49.740002,50.029999,49.43,49.865002,49.865002,1706800
10/14/2016,49.25,50.415001,49.25,50.029999,50.029999,1878600
10/17/2016,50.080002,50.16,49.764999,49.924999,49.924999,1547000
10/18/2016,50.349998,50.5,50.014999,50.029999,50.029999,901800
10/19/2016,50.095001,50.224998,49.84,49.904999,49.904999,2396800
10/20/2016,49.994999,50.060001,49.544998,49.825001,49.825001,1623600
10/21/2016,49.665001,49.665001,49.035,49.580002,49.580002,2237200
10/24/2016,49.990002,50.389999,49.869999,50.255001,50.255001,2110600
10/25/2016,50.25,50.325001,49.785,49.860001,49.860001,1869400
10/26/2016,49.764999,50.235001,49.724998,49.994999,49.994999,2165000
10/27/2016,46.615002,48.595001,46.404999,48.375,48.375,9091400
10/28/2016,48.810001,49.52,48.810001,49.165001,49.165001,4841600
10/31/2016,49.240002,49.435001,48.740002,49.240002,49.240002,2924000
11/1/2016,49.369999,49.564999,48.945,49.279999,49.279999,2957600
11/2/2016,49.310001,49.759998,49.294998,49.330002,49.330002,2615400
11/3/2016,49.334999,49.345001,49.025002,49.055,49.055,2009800
11/4/2016,48.705002,49.27,48.705002,48.965,48.965,2106000
11/7/2016,49.84,49.965,49.474998,49.779999,49.779999,1974000
11/8/2016,49.509998,50.255001,49.474998,50.084999,50.084999,1565800
11/9/2016,48.57,50.415001,48.529999,50.255001,50.255001,2457800
11/10/2016,50.395,50.494999,49.330002,49.900002,49.900002,2694800
11/11/2016,49.744999,50.355,49.595001,50.27,50.27,2651000
11/14/2016,50.415001,50.540001,50.025002,50.060001,50.060001,3401600
11/15/2016,50.174999,50.865002,50.014999,50.77,50.77,3699600
11/16/2016,50.599998,51.855,50.599998,51.605,51.605,5067800
11/17/2016,51.535,52.654999,51.535,52.529999,52.529999,4016400
11/18/2016,52.470001,52.740002,52.084999,52.145,52.145,2743800
11/21/2016,51.255001,52.75,51.255001,52.720001,52.720001,2525800
11/22/2016,52.799999,53.189999,52.535,53.154999,53.154999,2341600
11/23/2016,53.099998,53.799999,52.744999,53.799999,53.799999,3411400
11/25/2016,53.904999,53.950001,53.43,53.615002,53.615002,966800
11/28/2016,53.605,53.884998,53.174999,53.305,53.305,2852600
11/29/2016,53.380001,53.599998,53.185001,53.27,53.27,1888800
11/30/2016,53.27,53.474998,52.299999,52.310001,52.310001,3336400
12/1/2016,52.275002,52.424999,51.415001,51.66,51.66,2415600
12/2/2016,51.700001,52.084999,51.529999,51.685001,51.685001,2652800
12/5/2016,51.84,52.275002,51.665001,51.814999,51.814999,3468800
12/6/2016,51.950001,51.974998,51.52,51.625,51.625,1537200
12/7/2016,51.625,52.450001,51.299999,52.41,52.41,1936400
12/8/2016,52.279999,52.535,52.115002,52.355,52.355,1694400
12/9/2016,52.494999,52.494999,52.195,52.395,52.395,1597200
12/12/2016,52.334999,52.435001,52.18,52.41,52.41,1216800
12/13/2016,52.705002,53.275002,52.244999,53.049999,53.049999,1979000
12/14/2016,53.165001,53.465,52.900002,53.014999,53.014999,2323400
12/15/2016,53.02,53.845001,52.855,53.634998,53.634998,1845600
12/16/2016,53.665001,53.935001,53.34,53.514999,53.514999,3494400
12/19/2016,53.485001,54.09,53.369999,53.674999,53.674999,1102600
12/20/2016,53.945,54.555,53.665001,54.535,54.535,1661000
12/21/2016,54.355,54.494999,54.09,54.285,54.285,1158000
12/22/2016,54.290001,54.395,53.709999,53.805,53.805,1285800
12/23/2016,53.830002,54.099998,53.810001,54,54,624600
12/27/2016,54.130001,54.514999,53.740002,54.07,54.07,1262400
12/28/2016,54.134998,54.134998,53.555,53.599998,53.599998,1376600
12/29/2016,53.724998,54.224998,53.455002,53.639999,53.639999,1399000
12/30/2016,53.82,53.959999,52.98,53.139999,53.139999,1670200
1/3/2017,53.41,53.845001,53.244999,53.669998,53.669998,2142600
1/4/2017,53.66,54.365002,53.654999,54.325001,54.325001,1359000
1/5/2017,54.23,54.59,54.005001,54.305,54.305,1662400
1/6/2017,54.205002,55.005001,54.084999,54.915001,54.915001,1556800
1/9/2017,54.880001,54.945,53.904999,54.049999,54.049999,1879800
1/10/2017,53.98,54.299999,53.775002,54.115002,54.115002,1459200
1/11/2017,53.990002,54.275002,53.895,54.27,54.27,1071200
1/12/2017,54.27,54.805,53.919998,54.709999,54.709999,1700600
1/13/2017,54.695,55.255001,54.584999,55.150002,55.150002,1397800
1/17/2017,55.154999,55.75,54.880001,55.220001,55.220001,1992600
1/18/2017,55.41,55.41,54.924999,55.040001,55.040001,1463400
1/19/2017,54.935001,55.389999,54.529999,54.674999,54.674999,1257800
1/20/2017,55.029999,55.16,54.419998,54.785,54.785,2327400
1/23/2017,54.744999,54.955002,54.259998,54.330002,54.330002,1746000
1/24/2017,54.455002,54.5,54.029999,54.259998,54.259998,2211600
1/25/2017,54.400002,54.674999,54.220001,54.27,54.27,1749200
1/26/2017,54.25,54.404999,53.904999,53.924999,53.924999,1701200
1/27/2017,54.044998,54.145,53.724998,54.049999,54.049999,2079200
1/30/2017,54.025002,54.299999,53.669998,54.075001,54.075001,1908200
1/31/2017,53.970001,54.125,53.52,53.715,53.715,1977600
2/1/2017,53.564999,53.615002,52.360001,52.689999,52.689999,3407800
2/2/2017,52.32,52.974998,52.264999,52.73,52.73,2628000
2/3/2017,53.205002,53.584999,52.255001,53.360001,53.360001,2376600
2/6/2017,53.255001,53.445,53,53.424999,53.424999,1758600
2/7/2017,53.419998,53.450001,53.060001,53.209999,53.209999,1999200
2/8/2017,53.305,54.18,53.099998,53.889999,53.889999,2448200
2/9/2017,53.889999,55.220001,53.705002,54.735001,54.735001,3791400
2/10/2017,54.779999,55.055,54.424999,54.535,54.535,2453200
2/13/2017,54.779999,55.150002,54.68,55.049999,55.049999,2159400
2/14/2017,54.779999,55.18,54.740002,55.07,55.07,1719600
2/15/2017,55.07,55.639999,55.014999,55.540001,55.540001,2675800
2/16/2017,55.619999,55.75,55.220001,55.625,55.625,1670600
2/17/2017,55.625,55.994999,55.330002,55.990002,55.990002,1978200
2/21/2017,55.240002,56.27,55.240002,56.195,56.195,2022200
2/22/2017,56.049999,57.369999,55.509998,56.91,56.91,3976800
2/23/2017,57.080002,57.544998,56.785,57.450001,57.450001,2475000
2/24/2017,57.355,58.16,57.185001,58.150002,58.150002,2062200
2/27/2017,58.02,58.349998,57.724998,57.790001,57.790001,2380600
2/28/2017,57.764999,58.075001,57.544998,57.700001,57.700001,2417800
3/1/2017,58.09,58.709999,57.985001,58.555,58.555,2092200
3/2/2017,58.375,58.615002,58.040001,58.32,58.32,1273600
3/3/2017,58.23,58.77,58.055,58.75,58.75,1279400
3/6/2017,58.41,58.705002,58.255001,58.509998,58.509998,1267600
3/7/2017,58.595001,58.724998,58.349998,58.474998,58.474998,1228800
3/8/2017,58.619999,58.990002,58.34,58.724998,58.724998,2061400
3/9/2017,58.834999,59.014999,58.439999,58.724998,58.724998,2119200
3/10/2017,59.105,59.150002,58.43,58.639999,58.639999,1953000
3/13/2017,58.599998,58.970001,58.535,58.945,58.945,1260200
3/14/2017,58.93,59.055,58.465,58.685001,58.685001,1170600
3/15/2017,59.029999,59.029999,58.400002,58.825001,58.825001,1738400
3/16/2017,58.880001,58.965,58.355,58.630001,58.630001,1426400
3/17/2017,58.889999,59.105,58.584999,58.895,58.895,3381400
3/20/2017,58.955002,58.974998,58.16,58.349998,58.349998,1611600
3/21/2017,58.560001,58.654999,57.759998,58.080002,58.080002,2769000
3/22/2017,56.645,58.224998,56.645,57.939999,57.939999,2725000
3/23/2017,57.869999,58.259998,57.529999,57.924999,57.924999,1857400
3/24/2017,58.049999,58.27,57.744999,57.970001,57.970001,1421200
3/27/2017,57.615002,57.93,57.41,57.744999,57.744999,1600800
3/28/2017,57.689999,58.125,57.41,57.895,57.895,2090000
3/29/2017,57.794998,58.044998,57.564999,57.955002,57.955002,1223600
3/30/2017,57.755001,58.235001,57.755001,57.965,57.965,930600
3/31/2017,57.759998,58.009998,57.645,57.654999,57.654999,1655400
4/3/2017,57.75,58.005001,57.474998,57.82,57.82,2268800
4/4/2017,57.68,58.049999,57.505001,57.689999,57.689999,1559000
4/5/2017,57.84,58.485001,57.68,57.785,57.785,1430000
4/6/2017,57.650002,57.994999,57.575001,57.830002,57.830002,1006600
4/7/2017,57.945,58.07,57.68,57.91,57.91,1464800
4/10/2017,57.724998,58.27,57.645,57.965,57.965,1560200
4/11/2017,57.849998,58.130001,57.560001,58.130001,58.130001,1128400
4/12/2017,57.764999,58.064999,57.735001,57.895,57.895,1294000
4/13/2017,57.994999,58.290001,57.584999,57.595001,57.595001,1333600
4/17/2017,57.855,58.244999,57.855,58.224998,58.224998,1264200
4/18/2017,58.080002,58.305,58.014999,58.174999,58.174999,957200
4/19/2017,58.220001,58.525002,58,58.275002,58.275002,1229200
4/20/2017,58.544998,58.994999,58.285,58.895,58.895,1197800
4/21/2017,58.849998,59.285,58.700001,59.200001,59.200001,2042800
4/24/2017,59.794998,60,59.455002,59.720001,59.720001,1931600
4/25/2017,59.985001,60.044998,59.619999,59.810001,59.810001,1734000
4/26/2017,59.724998,60.220001,59.584999,59.994999,59.994999,2162200
4/27/2017,60.424999,61.455002,59.775002,59.945,59.945,2649400
4/28/2017,60.060001,60.060001,59.185001,59.57,59.57,1655400
5/1/2017,59.75,59.814999,59.415001,59.544998,59.544998,1273400
5/2/2017,59.720001,59.720001,59.145,59.32,59.32,1868400
5/3/2017,59.314999,59.32,58.665001,59.23,59.23,2265200
5/4/2017,59.314999,60.59,58.875,60.125,60.125,2170400
5/5/2017,60.169998,60.205002,59.630001,60,60,1268600
5/8/2017,59.990002,60.09,59.705002,59.919998,59.919998,1238400
5/9/2017,60,60.099998,59.695,59.865002,59.865002,1919200
5/10/2017,59.709999,59.945,59.544998,59.625,59.625,1207200
5/11/2017,59.485001,59.950001,59.049999,59.93,59.93,1217000
5/12/2017,59.82,59.955002,59.595001,59.889999,59.889999,1055800
5/15/2017,59.814999,60.470001,59.814999,60.450001,60.450001,1457000
5/16/2017,60.125,60.57,59.744999,59.875,59.875,1540200
5/17/2017,59.505001,60.005001,59.365002,59.564999,59.564999,1761000
5/18/2017,59.650002,60.185001,59.474998,60.02,60.02,1433800
5/19/2017,60.060001,60.555,59.735001,60.34,60.34,1767000
5/22/2017,60.375,61.244999,60.34,61.16,61.16,1606200
5/23/2017,61.455002,61.584999,61.029999,61.169998,61.169998,1511600
5/24/2017,61.134998,61.395,61,61.380001,61.380001,1186000
5/25/2017,61.435001,62.400002,61.41,62.259998,62.259998,1628200
5/26/2017,62.294998,62.404999,61.935001,62.044998,62.044998,1102800
5/30/2017,61.965,62.349998,61.845001,62.264999,62.264999,1018200
5/31/2017,62.445,62.665001,62.165001,62.639999,62.639999,3064200
6/1/2017,62.695,62.82,62.189999,62.615002,62.615002,1792000
6/2/2017,62.799999,62.955002,62.285,62.855,62.855,1534800
6/5/2017,63,63.139999,62.525002,62.73,62.73,1268800
6/6/2017,62.705002,62.900002,62.154999,62.215,62.215,2307600
6/7/2017,62.25,62.580002,61.990002,62.549999,62.549999,1400400
6/8/2017,62.485001,62.59,61.419998,61.875,61.875,1643200
6/9/2017,61.959999,62.209999,60.974998,61.43,61.43,1646200
6/12/2017,61.224998,61.794998,61.130001,61.59,61.59,1749400
6/13/2017,61.564999,62.345001,61.404999,62.255001,62.255001,1328800
6/14/2017,62.52,62.775002,61.845001,62.310001,62.310001,1471400
6/15/2017,61.950001,62.775002,61.685001,62.735001,62.735001,1282800
6/16/2017,60.869999,62.794998,60.869999,62.325001,62.325001,3464800
6/19/2017,62.529999,62.66,62.325001,62.595001,62.595001,1556200
6/20/2017,62.384998,62.974998,62.195,62.310001,62.310001,1924800
6/21/2017,62.369999,62.880001,62.154999,62.689999,62.689999,2306400
6/22/2017,62.610001,62.810001,61.974998,62.455002,62.455002,1367200
6/23/2017,62.485001,62.73,62.32,62.400002,62.400002,2779400
6/26/2017,62.529999,63.549999,62.07,62.165001,62.165001,1292400
6/27/2017,61.93,62.040001,61.404999,61.424999,61.424999,1336200
6/28/2017,61.580002,62.125,61.150002,62.029999,62.029999,1563800
6/29/2017,61.810001,61.82,60.185001,60.805,60.805,2319000
6/30/2017,61.07,61.384998,60.685001,61.169998,61.169998,2035600
7/3/2017,61.380001,61.740002,60.619999,60.654999,60.654999,923000
7/5/2017,60.744999,61.360001,60.639999,61.174999,61.174999,1739000
7/6/2017,60.805,61.049999,60.365002,60.895,60.895,1668800
7/7/2017,61,61.735001,61,61.384998,61.384998,1408800
7/10/2017,61.445,61.549999,61.235001,61.400002,61.400002,1013200
7/11/2017,61.369999,61.445,60.884998,61.014999,61.014999,2213800
7/12/2017,61.389999,61.77,61.345001,61.720001,61.720001,1288800
7/13/2017,61.73,61.965,61.439999,61.634998,61.634998,1419200
7/14/2017,61.834999,61.93,61.654999,61.805,61.805,1028600
7/17/2017,62.035,62.75,61.994999,62.625,62.625,1673600
7/18/2017,62.560001,62.720001,62.240002,62.529999,62.529999,1289200
7/19/2017,62.705002,63.014999,62.5,62.880001,62.880001,1117000
7/20/2017,62.915001,63.240002,62.73,63.115002,63.115002,1021400
7/21/2017,62.889999,63.630001,62.889999,63.355,63.355,1172000
7/24/2017,63.255001,63.465,62.974998,63.240002,63.240002,1535200
7/25/2017,63.25,63.595001,63.035,63.195,63.195,797600
7/26/2017,63.314999,63.605,63.174999,63.505001,63.505001,747400
7/27/2017,63.445,63.73,63.18,63.485001,63.485001,1246000
7/28/2017,63.32,63.650002,62.904999,63.115002,63.115002,923200
7/31/2017,63.41,64.285004,63.314999,64.25,64.25,2789200
8/1/2017,64.285004,64.675003,64.029999,64.635002,64.635002,2220800
8/2/2017,62.27,64.425003,61.959999,61.985001,61.985001,4454800
8/3/2017,62.084999,62.235001,61.389999,61.985001,61.985001,2251800
8/4/2017,62.200001,62.200001,61.43,61.540001,61.540001,1943400
8/7/2017,61.544998,62.134998,61.445,62.040001,62.040001,1626000
8/8/2017,61.724998,62.060001,61.654999,61.790001,61.790001,1020600
8/9/2017,61.634998,61.825001,61.32,61.650002,61.650002,1097000
8/10/2017,61.305,61.790001,61.134998,61.244999,61.244999,1286600
8/11/2017,61.439999,61.715,61.369999,61.419998,61.419998,898800
8/14/2017,61.485001,62.134998,61.485001,62.025002,62.025002,1137400
8/15/2017,62.014999,62.459999,61.875,62.349998,62.349998,1114400
8/16/2017,62.490002,62.735001,61.990002,62.415001,62.415001,1218200
8/17/2017,62.049999,62.169998,60.5,60.544998,60.544998,2350600
8/18/2017,60.470001,60.860001,59.849998,60.18,60.18,1857800
8/21/2017,60.32,60.575001,60.044998,60.384998,60.384998,1649800
8/22/2017,60.575001,61.380001,60.509998,61.310001,61.310001,1274400
8/23/2017,61.110001,61.244999,60.764999,61.075001,61.075001,973600
8/24/2017,61.025002,61.150002,60.669998,60.755001,60.755001,897400
8/25/2017,60.994999,61.470001,60.834999,61.16,61.16,1739600
8/28/2017,61.330002,61.549999,61.25,61.415001,61.415001,891600
8/29/2017,61.095001,61.595001,61.084999,61.509998,61.509998,1152400
8/30/2017,61.52,61.855,61.32,61.605,61.605,1145800
8/31/2017,61.869999,62.025002,61.615002,61.855,61.855,1689000
9/1/2017,62.095001,62.310001,61.330002,61.5,61.5,955800
9/5/2017,61.290001,61.355,60.66,60.93,60.93,1737200
9/6/2017,61.185001,61.330002,60.584999,61.205002,61.205002,2338400
9/7/2017,61.465,61.785,61.084999,61.415001,61.415001,1207200
9/8/2017,61.334999,61.73,61.014999,61.330002,61.330002,1417400
9/11/2017,61.700001,62.235001,61.400002,62.16,62.16,1179400
9/12/2017,62.154999,62.490002,61.959999,62.290001,62.290001,1050000
9/13/2017,62.029999,62.169998,61.794998,61.994999,61.994999,977800
9/14/2017,61.799999,62.049999,61.580002,61.775002,61.775002,1304800
9/15/2017,61.810001,62.154999,61.509998,62.025002,62.025002,2969000
9/18/2017,61.955002,62.785,61.884998,62.764999,62.764999,1524400
9/19/2017,62.825001,63.130001,62.514999,62.584999,62.584999,1133000
9/20/2017,62.705002,62.919998,62.195,62.549999,62.549999,1041000
9/21/2017,62.544998,62.634998,62.145,62.380001,62.380001,1167400
9/22/2017,62.279999,63.145,62.235001,63.115002,63.115002,1639000
9/25/2017,62.895,63.575001,62.75,63.555,63.555,2289800
9/26/2017,63.805,63.955002,63.5,63.740002,63.740002,1895600
9/27/2017,63.994999,64.315002,63.93,64.18,64.18,1809400
9/28/2017,63.875,64.32,63.834999,64.105003,64.105003,1888200
9/29/2017,64.059998,64.805,63.935001,64.480003,64.480003,2444000
10/2/2017,64.610001,64.904999,64.165001,64.434998,64.434998,1349400
10/3/2017,64.574997,64.760002,64.379997,64.415001,64.415001,1093400
10/4/2017,64.294998,64.385002,63.84,64.290001,64.290001,967000
10/5/2017,64.480003,64.620003,64.074997,64.455002,64.455002,1383000
10/6/2017,64.449997,64.449997,63.584999,63.740002,63.740002,2666400
10/9/2017,63.779999,63.93,63.605,63.755001,63.755001,1903200
10/10/2017,63.970001,64.324997,63.865002,63.935001,63.935001,1401600
10/11/2017,63.855,63.965,63.224998,63.369999,63.369999,1669200
10/12/2017,63.365002,63.794998,63.349998,63.584999,63.584999,2821400
10/13/2017,63.384998,64,63.384998,63.540001,63.540001,1405400
10/16/2017,63.52,63.75,63.375,63.599998,63.599998,1252000
10/17/2017,63.540001,63.705002,63.154999,63.314999,63.314999,931200
10/18/2017,63.25,63.755001,63.25,63.535,63.535,1193600
10/19/2017,63.474998,63.884998,63.32,63.775002,63.775002,957200
10/20/2017,64.065002,64.290001,63.904999,64.220001,64.220001,1181400
10/23/2017,64.345001,64.599998,63.915001,63.994999,63.994999,1348400
10/24/2017,64,64.235001,63.57,63.695,63.695,1933600
10/25/2017,63.445,64.300003,63.32,64.105003,64.105003,2131000
10/26/2017,64.540001,64.754997,64.279999,64.470001,64.470001,930400
10/27/2017,64.355003,65.099998,64.245003,65.089996,65.089996,1617200
10/30/2017,65.025002,65.089996,64.360001,64.724998,64.724998,1909600
10/31/2017,64.595001,64.849998,64.254997,64.714996,64.714996,2634600
11/1/2017,62,62.895,60.189999,62.759998,62.759998,10332000
11/2/2017,62.810001,63.59,62.674999,63.290001,63.290001,3104600
11/3/2017,63.23,63.549999,63.07,63.514999,63.514999,2077200
11/6/2017,63.48,63.904999,63.294998,63.884998,63.884998,2456800
11/7/2017,63.869999,63.965,63.169998,63.485001,63.485001,1943200
11/8/2017,63.380001,64.555,63.264999,64.410004,64.410004,1401000
11/9/2017,64.059998,64.580002,63.709999,64.440002,64.440002,1847200
11/10/2017,64.269997,64.269997,63.790001,64,64,965400
11/13/2017,63.985001,64.285004,63.689999,64.080002,64.080002,1387000
11/14/2017,63.900002,64.925003,63.759998,64.864998,64.864998,1428600
11/15/2017,64.764999,64.915001,64,64.260002,64.260002,1989200
11/16/2017,64.455002,65.050003,64.360001,64.769997,64.769997,1337000
11/17/2017,64.720001,64.739998,63.959999,64.195,64.195,1611000
11/20/2017,64.120003,64.410004,63.889999,64.160004,64.160004,1371400
11/21/2017,64.355003,64.375,63.895,64.135002,64.135002,1581000
11/22/2017,64.144997,64.32,63.764999,63.855,63.855,1376000
11/24/2017,63.794998,64.125,63.650002,64.065002,64.065002,681000
11/27/2017,64.190002,64.315002,63.834999,64.080002,64.080002,1191200
11/28/2017,64.055,64.285004,63.880001,64.205002,64.205002,2188800
11/29/2017,64.184998,64.495003,63.794998,64.360001,64.360001,1915800
11/30/2017,64.555,65.925003,64.555,65.724998,65.724998,3568000
12/1/2017,65.25,65.904999,64.095001,65.205002,65.205002,2301000
12/4/2017,65.695,66.555,65.464996,66.120003,66.120003,2270000
12/5/2017,66.120003,66.285004,65.309998,65.440002,65.440002,1550200
12/6/2017,65.57,65.754997,65.004997,65.279999,65.279999,1658200
12/7/2017,65.154999,65.699997,65.010002,65.599998,65.599998,1431200
12/8/2017,65.945,66.059998,65.635002,65.860001,65.860001,1142400
12/11/2017,65.699997,65.915001,65.565002,65.915001,65.915001,1514400
12/12/2017,66,66.160004,65.544998,65.599998,65.599998,1252000
12/13/2017,65.730003,66.035004,65.139999,65.404999,65.404999,1732000
12/14/2017,65.370003,65.5,64.919998,64.949997,64.949997,1519400
12/15/2017,65.480003,66.139999,64.705002,65.980003,65.980003,3525600
12/18/2017,66.160004,66.68,66.055,66.169998,66.169998,1495000
12/19/2017,66.264999,66.449997,65.709999,66.080002,66.080002,1207400
12/20/2017,66.385002,66.385002,65.779999,65.794998,65.794998,1263200
12/21/2017,65.934998,66.135002,65.239998,65.315002,65.315002,1123000
12/22/2017,65.184998,65.489998,65.095001,65.160004,65.160004,819400
12/26/2017,65.199997,65.775002,65.019997,65.699997,65.699997,876000
12/27/2017,65.614998,65.824997,65.514999,65.745003,65.745003,1353600
12/28/2017,65.949997,66.050003,65.580002,65.995003,65.995003,1158000
12/29/2017,65.934998,66.239998,65.535004,65.565002,65.565002,1182800
1/2/2018,65.980003,65.985001,64.910004,65.175003,65.175003,1546400
1/3/2018,65.285004,65.995003,65.245003,65.705002,65.705002,1273400
1/4/2018,65.894997,66.699997,65.894997,66.629997,66.629997,1496000
1/5/2018,66.82,67.495003,66.434998,67.290001,67.290001,1625200
1/8/2018,67.205002,67.639999,66.985001,67.425003,67.425003,1457400
1/9/2018,67.425003,68.370003,67.214996,68.144997,68.144997,1663400
1/10/2018,68.025002,68.690002,67.625,68.504997,68.504997,2211800
1/11/2018,68.440002,68.955002,68.190002,68.915001,68.915001,1579600
1/12/2018,68.900002,69.035004,68.535004,68.610001,68.610001,1528200
1/16/2018,68.860001,69.279999,68.669998,68.754997,68.754997,1848400
1/17/2018,69.360001,69.625,69.050003,69.125,69.125,3045800
1/18/2018,69.154999,69.285004,68.769997,68.970001,68.970001,1528800
1/19/2018,68.794998,69.345001,68.550003,69.055,69.055,1638200
1/22/2018,69.114998,70.099998,69.050003,70.095001,70.095001,1503000
1/23/2018,69.584999,70.540001,69.474998,70.195,70.195,1574200
1/24/2018,70.495003,70.639999,69.955002,70.07,70.07,1750200
1/25/2018,70.290001,70.574997,69.815002,70.400002,70.400002,1331000
1/26/2018,70.764999,71.404999,70.239998,71.290001,71.290001,1485600
1/29/2018,71.150002,71.995003,71.004997,71.514999,71.514999,2438800
1/30/2018,71.584999,72.099998,71.245003,71.269997,71.269997,2970400
1/31/2018,71.220001,71.220001,70.065002,70.419998,70.419998,2968600
2/1/2018,70.339996,70.934998,69.724998,70.050003,70.050003,2108400
2/2/2018,69.709999,69.989998,68.709999,68.775002,68.775002,2321200
2/5/2018,68.849998,69.290001,65.004997,65.055,65.055,4263200
2/6/2018,64.144997,65.595001,62.759998,65.375,65.375,5878400
2/7/2018,64.889999,65.495003,64.285004,64.584999,64.584999,4752200
2/8/2018,71.074997,71.080002,66.379997,66.525002,66.525002,7270600
2/9/2018,67.400002,69.220001,66.885002,68.730003,68.730003,5312600
2/12/2018,69.065002,70.315002,68.900002,69.32,69.32,3665600
2/13/2018,68.904999,69.769997,68.245003,69.514999,69.514999,1628800
2/14/2018,69.254997,69.555,68.580002,69.199997,69.199997,2616600
2/15/2018,69.550003,70.245003,68.940002,70.224998,70.224998,2041400
2/16/2018,70.25,71.709999,70.230003,71.360001,71.360001,2467400
2/20/2018,70.925003,71.709999,70.644997,70.855003,70.855003,2348400
2/21/2018,71.285004,71.489998,69.855003,69.894997,69.894997,2115400
2/22/2018,70.084999,71.400002,70.084999,71.055,71.055,1809400
2/23/2018,71.5,73.129997,71.309998,73.095001,73.095001,2910800
2/26/2018,73.434998,73.68,72.489998,72.68,72.68,2279600
2/27/2018,72.870003,73.714996,72.055,72.105003,72.105003,3182800
2/28/2018,72.550003,73.004997,71.690002,71.695,71.695,3066800
3/1/2018,71.925003,72.294998,70.485001,70.934998,70.934998,3111800
3/2/2018,70.654999,72.169998,70.330002,71.989998,71.989998,2693200
3/5/2018,71.404999,72.629997,71.195,72.464996,72.464996,1933000
3/6/2018,72.495003,72.559998,71.794998,72.110001,72.110001,2003200
3/7/2018,71.834999,72.695,71.830002,72.529999,72.529999,1562200
3/8/2018,72.730003,73.400002,72.730003,73.050003,73.050003,1277000
3/9/2018,73.43,74.209999,73.214996,74.114998,74.114998,2001000
3/12/2018,74.264999,74.324997,73.675003,73.82,73.82,2093800
3/13/2018,73.915001,74.245003,73.290001,73.75,73.75,3951200
3/14/2018,73.970001,74.169998,73.410004,73.794998,73.794998,3121800
3/15/2018,73.730003,74.355003,73.565002,73.834999,73.834999,1692800
3/16/2018,74.010002,74.455002,73.635002,74.220001,74.220001,3003000
3/19/2018,73.900002,74.195,72.855003,73.620003,73.620003,1482000
3/20/2018,73.709999,73.989998,72.860001,73.459999,73.459999,1756900
3/21/2018,73.629997,74.300003,73.019997,73.169998,73.169998,2060800
3/22/2018,72.860001,72.989998,71.25,71.339996,71.339996,1579100
3/23/2018,71.290001,71.540001,70,70.010002,70.010002,2029700
3/26/2018,70.980003,71.540001,70.07,71.279999,71.279999,1941300
3/27/2018,71.699997,71.919998,69.769997,70.279999,70.279999,1779600
3/28/2018,70.43,71.410004,70.059998,70.739998,70.739998,2524100
3/29/2018,71.25,71.900002,70.160004,71.309998,71.309998,1586000
4/2/2018,71.040001,71.550003,69.68,70.540001,70.540001,2350100
4/3/2018,70.639999,71.410004,70.139999,70.970001,70.970001,1920900
4/4/2018,70.300003,71.440002,69.800003,71.129997,71.129997,2663300
4/5/2018,71.68,71.919998,70.93,71.239998,71.239998,1462000
4/6/2018,70.559998,71.269997,69.669998,69.839996,69.839996,1434100
4/9/2018,70.099998,71.190002,70.019997,70.129997,70.129997,1424500
4/10/2018,70.860001,71.559998,70.699997,71.129997,71.129997,1691000
4/11/2018,70.550003,71.349998,70.440002,70.849998,70.849998,1167600
4/12/2018,71.110001,71.339996,70.730003,70.980003,70.980003,1259000
4/13/2018,71.160004,71.370003,70.599998,70.900002,70.900002,1304500
4/16/2018,71.489998,71.900002,71.150002,71.589996,71.589996,1091500
4/17/2018,72.160004,72.620003,71.800003,72.290001,72.290001,1724700
4/18/2018,72.470001,72.489998,71.839996,72.120003,72.120003,1150700
4/19/2018,71.949997,72.370003,71.529999,71.75,71.75,958200
4/20/2018,71.68,72.110001,71,71.339996,71.339996,1212100
4/23/2018,71.419998,71.739998,70.879997,71.089996,71.089996,805700
4/24/2018,71.519997,71.699997,70.449997,70.900002,70.900002,1625900
4/25/2018,70.809998,70.93,69.660004,70.160004,70.160004,1393800
4/26/2018,70.400002,71.720001,70.32,71.32,71.32,1345100
4/27/2018,71.120003,71.910004,70.970001,71.470001,71.470001,1547100
4/30/2018,71.510002,72.150002,70.82,70.860001,70.860001,2548400
5/1/2018,70.849998,71.830002,70.830002,71.629997,71.629997,2547600
5/2/2018,71,71.559998,68.860001,69.029999,69.029999,3623300
5/3/2018,68.660004,69.419998,68.43,68.989998,68.989998,2346800
5/4/2018,68.620003,69.970001,68.449997,69.720001,69.720001,2127300
5/7/2018,69.830002,70.519997,69.779999,70.410004,70.410004,1786800
5/8/2018,69.949997,71.199997,69.309998,70.410004,70.410004,2007600
5/9/2018,70.540001,71.800003,70.209999,71.489998,71.489998,1457300
5/10/2018,71.790001,72.550003,71.5,72.410004,72.410004,956100
5/11/2018,72.440002,72.889999,72.25,72.790001,72.790001,1518600
5/14/2018,72.720001,73.190002,72.309998,72.419998,72.419998,1205500
5/15/2018,72.050003,72.199997,71.580002,72.089996,72.089996,1473600
5/16/2018,72.260002,72.599998,72.010002,72.279999,72.279999,1278800
5/17/2018,72.260002,72.610001,71.900002,72.5,72.5,1511500
5/18/2018,72.739998,73.239998,72.5,72.980003,72.980003,1462000
5/21/2018,73.07,73.559998,73,73.25,73.25,1559500
5/22/2018,73.43,73.43,71.540001,71.660004,71.660004,2409300
5/23/2018,71.110001,71.870003,70.730003,71.870003,71.870003,1600900
5/24/2018,71.860001,72.07,71.25,71.68,71.68,1836500
5/25/2018,71.68,71.959999,71.610001,71.769997,71.769997,1003700
5/29/2018,71.339996,71.709999,70.779999,71.629997,71.629997,1920400
5/30/2018,71.949997,73.010002,71.589996,72.75,72.75,1675700
5/31/2018,72.709999,73.239998,72.480003,72.599998,72.599998,2077200
6/1/2018,73.010002,73.57,72.120003,73.330002,73.330002,1230500
6/4/2018,73.43,74.610001,73.339996,74.260002,74.260002,1194200
6/5/2018,74.279999,74.849998,74.160004,74.68,74.68,1943300
6/6/2018,74.900002,76.07,74.900002,76.059998,76.059998,2636500
6/7/2018,76,76.139999,74.540001,75.07,75.07,2462000
6/8/2018,75.110001,75.529999,74.75,75.470001,75.470001,1141500
6/11/2018,75.349998,75.5,75.010002,75.129997,75.129997,1188100
6/12/2018,75.050003,75.949997,74.720001,75.849998,75.849998,1487100
6/13/2018,75.809998,76.760002,75.599998,75.849998,75.849998,1920800
6/14/2018,76.169998,76.980003,75.93,76.43,76.43,2083400
6/15/2018,76.620003,76.690002,75.849998,76.489998,76.489998,3351100
6/18/2018,76,76.419998,75.480003,76.220001,76.220001,1462500
6/19/2018,75.809998,76.220001,75.550003,76.160004,76.160004,1496300
6/20/2018,76.360001,76.75,76.139999,76.209999,76.209999,1723900
6/21/2018,74.860001,76.379997,74.860001,75.779999,75.779999,1346800
6/22/2018,76.010002,76.300003,75.360001,75.57,75.57,2988000
6/25/2018,75.540001,75.550003,74.110001,74.379997,74.379997,1578100
6/26/2018,74.660004,74.779999,73.989998,74.18,74.18,1528200
6/27/2018,74.239998,74.589996,73.190002,73.260002,73.260002,1877600
6/28/2018,73.309998,74.050003,73.220001,73.93,73.93,1276300
6/29/2018,74.019997,74.629997,73.889999,74.089996,74.089996,1410400
7/2/2018,73.699997,74.760002,73.540001,74.739998,74.739998,1408800
7/3/2018,74.959999,75.099998,74.330002,74.419998,74.419998,597400
7/5/2018,74.720001,75.190002,74.010002,75.029999,75.029999,1238300
7/6/2018,75.220001,75.669998,74.949997,75.489998,75.489998,1282900
7/9/2018,75.5,76.279999,75.5,75.82,75.82,1228300
7/10/2018,76.099998,76.230003,75.580002,75.959999,75.959999,1617300
7/11/2018,75.779999,76.910004,75.68,76.459999,76.459999,1392700
7/12/2018,76.809998,77.57,76.809998,77.550003,77.550003,1365700
7/13/2018,77.459999,77.730003,77.18,77.449997,77.449997,1104000
7/16/2018,77.489998,77.769997,76.650002,76.870003,76.870003,979300
7/17/2018,76.43,77.349998,76.43,77.150002,77.150002,1582500
7/18/2018,77.239998,77.43,76.849998,77.239998,77.239998,1192700
7/19/2018,77.230003,77.559998,76.879997,77.43,77.43,983500
7/20/2018,77.279999,77.779999,76.629997,77.349998,77.349998,1500200
7/23/2018,77.050003,77.5,76.800003,77.389999,77.389999,1035100
7/24/2018,77.5,77.739998,76.660004,77.18,77.18,1682800
7/25/2018,77.349998,77.690002,77.089996,77.610001,77.610001,2042800
7/26/2018,77.790001,78.209999,77.089996,77.220001,77.220001,1597700
7/27/2018,77.339996,77.599998,75.830002,76.120003,76.120003,1088900
7/30/2018,75.910004,76.059998,74.339996,74.459999,74.459999,1586500
7/31/2018,75.059998,76.82,74.510002,75.480003,75.480003,2506900
8/1/2018,75.480003,76.540001,73.870003,74.739998,74.739998,2311100
8/2/2018,74.260002,75.260002,73.839996,75.190002,75.190002,2061100
8/3/2018,75.339996,76.300003,74.970001,76.25,76.25,1623600
8/6/2018,76.260002,76.959999,76.110001,76.900002,76.900002,1484900
8/7/2018,76.68,77.410004,76.529999,77.050003,77.050003,1569000
8/8/2018,77.18,77.82,77,77.580002,77.580002,1348400
8/9/2018,77.860001,78.93,77.629997,78.639999,78.639999,1896500
8/10/2018,78.300003,80,78.300003,79.239998,79.239998,2245100
8/13/2018,79.529999,79.959999,79.019997,79.269997,79.269997,2102300
8/14/2018,78.330002,79.57,78.25,79.029999,79.029999,2173900
8/15/2018,78.720001,79.089996,78.260002,78.690002,78.690002,1981100
8/16/2018,79.18,79.18,77.650002,78.919998,78.919998,1952200
8/17/2018,78.830002,79.629997,78.720001,79.440002,79.440002,1635200
8/20/2018,79.629997,79.910004,79.220001,79.589996,79.589996,936700
8/21/2018,79.690002,79.93,79.360001,79.440002,79.440002,1197100
8/22/2018,79.160004,79.919998,79,79.660004,79.660004,1776900
8/23/2018,79.599998,79.989998,79.43,79.650002,79.650002,1501300
8/24/2018,79.889999,80.330002,79.480003,80.029999,80.029999,1445200
8/27/2018,80.360001,80.449997,79.639999,79.709999,79.709999,1571000
8/28/2018,79.800003,79.949997,77.790001,78.440002,78.440002,3231400
8/29/2018,78.610001,79.739998,78.589996,79.639999,79.639999,1668100
8/30/2018,79.559998,79.800003,79.400002,79.559998,79.559998,1365400
8/31/2018,79.519997,80.160004,79.510002,80.07,80.07,1689200
9/4/2018,79.830002,80.120003,79.290001,79.980003,79.980003,1201500
9/5/2018,80.139999,80.379997,79.239998,79.709999,79.709999,1584800
9/6/2018,79.620003,80.699997,79.529999,80.370003,80.370003,1457400
9/7/2018,80.339996,80.550003,79.739998,79.919998,79.919998,1371100
9/10/2018,80.190002,80.57,79.989998,80.389999,80.389999,1456300
9/11/2018,80.400002,81.209999,80.230003,80.790001,80.790001,1348700
9/12/2018,80.720001,80.989998,80.389999,80.779999,80.779999,1111500
9/13/2018,81.120003,81.309998,80.860001,81.089996,81.089996,1558100
9/14/2018,81.190002,81.470001,80.870003,81.339996,81.339996,2015600
9/17/2018,81.739998,81.870003,80.029999,80.080002,80.080002,1461600
9/18/2018,80.050003,80.559998,79.779999,80.279999,80.279999,1221000
9/19/2018,80.470001,80.870003,79.279999,79.419998,79.419998,1662400
9/20/2018,79.559998,80.230003,79.339996,80.120003,80.120003,1784300
9/21/2018,80.730003,81.5,80,81.440002,81.440002,4347600
9/24/2018,80.699997,81.129997,80.540001,80.919998,80.919998,2001000
9/25/2018,81.199997,81.879997,81.160004,81.68,81.68,1646500
9/26/2018,81.949997,82.389999,81.419998,81.650002,81.650002,1699500
9/27/2018,81.75,82.050003,81.519997,81.629997,81.629997,1992500
9/28/2018,81.699997,82.410004,81.669998,82.379997,82.379997,1699900
10/1/2018,82.660004,82.790001,81.379997,81.529999,81.529999,1583300
10/2/2018,81.610001,82.239998,81.029999,81.849998,81.849998,1783100
10/3/2018,82.209999,82.379997,81.650002,81.68,81.68,1684000
10/4/2018,81.309998,81.449997,79.82,80.470001,80.470001,1751900
10/5/2018,80.650002,81.290001,80.489998,81.059998,81.059998,1521700
10/8/2018,81,81.360001,79.629997,80.610001,80.610001,1409000
10/9/2018,80.669998,81.5,80.290001,80.760002,80.760002,1229800
10/10/2018,80.419998,80.449997,76.910004,77.010002,77.010002,2456400
10/11/2018,77.339996,77.699997,75.739998,75.900002,75.900002,2732000
10/12/2018,76.589996,77.389999,76.129997,77.139999,77.139999,2117500
10/15/2018,76.849998,77.669998,76.279999,76.75,76.75,1455900
10/16/2018,77.550003,79.18,77.419998,78.860001,78.860001,1709500
10/17/2018,78.940002,79.220001,78.220001,79.059998,79.059998,1135100
10/18/2018,79,79.589996,78.110001,78.5,78.5,1586100
10/19/2018,78.489998,79.830002,78.400002,78.529999,78.529999,1923900
10/22/2018,78.889999,80,78.730003,79.400002,79.400002,1876500
10/23/2018,78.349998,79.989998,77.730003,79.360001,79.360001,2239700
10/24/2018,79.199997,79.550003,77.010002,77.169998,77.169998,2446100
10/25/2018,77.889999,79.290001,77.160004,78.889999,78.889999,2159100
10/26/2018,76.800003,78.68,76.540001,77.900002,77.900002,2170400
10/29/2018,78.769997,79.349998,76.220001,77.18,77.18,2923600
10/30/2018,77.419998,78,76.720001,77.940002,77.940002,3257700
10/31/2018,78.769997,79.730003,78.290001,79.300003,79.300003,3374400
11/1/2018,74.089996,77.720001,73.510002,74.910004,74.910004,5988600
11/2/2018,75.470001,75.779999,73.959999,74.989998,74.989998,3272200
11/5/2018,75.400002,76.940002,75.339996,76.709999,76.709999,2196700
11/6/2018,76.75,77.709999,76.75,77.510002,77.510002,2237000
11/7/2018,78.199997,79.279999,77.970001,79.209999,79.209999,2630600
11/8/2018,78.989998,79.82,78.660004,79.800003,79.800003,1424000
11/9/2018,79.269997,80.480003,79.129997,80.239998,80.239998,2076500
11/12/2018,79.980003,80.5,78.470001,78.589996,78.589996,1970800
11/13/2018,78.93,79.220001,77.5,77.660004,77.660004,1680500
11/14/2018,78.279999,78.690002,77.339996,77.75,77.75,2704700
11/15/2018,77.559998,79.709999,77.139999,79.709999,79.709999,1640900
11/16/2018,79.019997,80.620003,78.669998,80.279999,80.279999,1757300
11/19/2018,80.419998,80.589996,78.209999,78.559998,78.559998,1683800
11/20/2018,77.879997,78.099998,75.839996,76.080002,76.080002,2670000
11/21/2018,76.629997,77.379997,75.980003,76.839996,76.839996,1590600
11/23/2018,76.160004,77.650002,76.160004,76.870003,76.870003,810100
11/26/2018,77.620003,77.800003,76.709999,77.410004,77.410004,2080100
11/27/2018,77.269997,77.480003,76.440002,77.169998,77.169998,1561400
11/28/2018,77.300003,79.449997,77.220001,79.400002,79.400002,1642700
11/29/2018,79.050003,79.43,78.400002,78.440002,78.440002,1716400
11/30/2018,78.639999,79.32,78.379997,79.129997,79.129997,2597100
12/3/2018,79.580002,80.040001,79.190002,79.669998,79.669998,2151400
12/4/2018,79.5,80.07,76.550003,76.910004,76.910004,2887900
12/6/2018,75.550003,76.160004,74.040001,76.07,76.07,3567300
12/7/2018,75.559998,76.57,74.32,74.739998,74.739998,2403100
12/10/2018,74.879997,76.360001,74.190002,76.139999,76.139999,2216700
12/11/2018,77.980003,78,76.519997,76.760002,76.760002,1881700
12/12/2018,77.849998,78.760002,77.389999,77.639999,77.639999,1670100
12/13/2018,77.699997,78.209999,76.959999,77.739998,77.739998,1660200
12/14/2018,77.07,77.43,76.239998,76.279999,76.279999,1840500
12/17/2018,76.290001,76.529999,73.940002,74.43,74.43,2198200
12/18/2018,75.18,75.709999,72.339996,73.010002,73.010002,2832400
12/19/2018,73,75.150002,71.980003,72.839996,72.839996,3030900
12/20/2018,72.650002,73.370003,71.559998,72.5,72.5,3315500
12/21/2018,72.160004,73.730003,70.190002,70.919998,70.919998,5012700
12/24/2018,70.75,71.010002,68.919998,69,69,1591900
12/26/2018,69.379997,71.980003,68.550003,71.910004,71.910004,2146600
12/27/2018,70.339996,73.080002,70,73.07,73.07,2110700
12/28/2018,73.190002,73.959999,72.489998,72.959999,72.959999,1744200
12/31/2018,73.379997,73.620003,72.620003,73.489998,73.489998,1538300
1/2/2019,72.209999,73.489998,71.82,72.209999,72.209999,2278600
1/3/2019,71.379997,71.989998,69.970001,70.110001,70.110001,2542300
1/4/2019,71.07,73.459999,70.889999,73.220001,73.220001,1782700
1/7/2019,73.150002,74.360001,72.620003,73.07,73.07,1837600
1/8/2019,73.449997,74.290001,72.489998,73.550003,73.550003,1930600
1/9/2019,73.739998,73.830002,73.010002,73.32,73.32,1749300
1/10/2019,73.18,74.449997,72.989998,74.379997,74.379997,1367400
1/11/2019,73.949997,74.139999,73.519997,74.099998,74.099998,1360100
1/14/2019,73.220001,74.279999,73.120003,73.879997,73.879997,1178400
1/15/2019,74,75.349998,73.879997,75.040001,75.040001,1093900
1/16/2019,70.550003,72.779999,68.449997,72.57,72.57,49523600
1/17/2019,72.07,75.57,72.07,74.5,74.5,19092000
1/18/2019,75.110001,77.910004,75.059998,77.82,77.82,13493600
1/22/2019,77.309998,78.309998,77.010002,78.190002,78.190002,11480700
1/23/2019,78.550003,80.669998,78.209999,80.589996,80.589996,10606500
1/24/2019,80.68,82.879997,80.580002,82.790001,82.790001,10378200
1/25/2019,82.93,85.120003,82.220001,85.07,85.07,10138500
1/28/2019,84.669998,85.650002,83.82,85.209999,85.209999,8740300
1/29/2019,85.019997,85.059998,83.099998,83.629997,83.629997,5510700
1/30/2019,84.199997,84.879997,83.800003,84.660004,84.660004,6490300
1/31/2019,84.790001,84.790001,82.650002,82.93,82.93,8094700
2/1/2019,82.629997,83.660004,82.290001,82.919998,82.919998,6008600
2/4/2019,82.879997,84.099998,82.43,84.089996,84.089996,4238500
2/5/2019,83.800003,85.209999,83.550003,85.110001,85.110001,5839900
2/6/2019,84.82,85.120003,83.900002,84.610001,84.610001,3858400
2/7/2019,84.120003,84.339996,83,84.010002,84.010002,5825300
2/8/2019,83.889999,85.730003,82.900002,85.699997,85.699997,5768100
2/11/2019,86.260002,86.290001,84.279999,84.559998,84.559998,5971800
2/12/2019,85.300003,85.300003,83.870003,84.379997,84.379997,4156300
2/13/2019,84.57,84.860001,83.93,84.389999,84.389999,5343500
2/14/2019,84.279999,84.769997,83.809998,84.349998,84.349998,3541200
2/15/2019,85.029999,86.120003,84.550003,85.779999,85.779999,6187800
2/19/2019,85.589996,85.879997,85.419998,85.620003,85.620003,3371300
2/20/2019,85.470001,85.470001,84.459999,84.730003,84.730003,2884500
2/21/2019,84.489998,85.43,84.080002,84.75,84.75,4173200
2/22/2019,84.940002,85.449997,84.75,85.029999,85.029999,2206700
2/25/2019,85.459999,85.5,84.18,84.239998,84.239998,3975500
2/26/2019,84.32,84.949997,84.089996,84.720001,84.720001,3071500
2/27/2019,84.269997,85.139999,84.199997,85.050003,85.050003,2595200
2/28/2019,84.889999,85.379997,84.660004,84.690002,84.690002,2595400
3/1/2019,85.110001,86.669998,84.940002,86.389999,86.389999,3614600
3/4/2019,87.029999,87.220001,85.099998,85.550003,85.550003,3128300
3/5/2019,85.629997,85.940002,85.25,85.610001,85.610001,1958800
3/6/2019,85.699997,86.089996,84.949997,85.370003,85.370003,2133600
3/7/2019,85.209999,85.650002,84.529999,85.010002,85.010002,3320900
3/8/2019,84.25,85.160004,84.019997,84.879997,84.879997,2230300
3/11/2019,84.989998,86.260002,84.919998,86.029999,86.029999,2948500
3/12/2019,86.360001,86.419998,85.5,86.080002,86.080002,3561800
3/13/2019,86.480003,87,85.730003,86.080002,86.080002,3577700
3/14/2019,86.239998,86.32,85.190002,85.5,85.5,4654200
3/15/2019,85.57,87.260002,85.57,86.239998,86.239998,5868400
3/18/2019,86.809998,87.029999,84.580002,85.089996,85.089996,5706300
3/19/2019,85.269997,85.489998,84.129997,84.599998,84.599998,5084200
3/20/2019,84.449997,84.629997,83.309998,83.730003,83.730003,6127000
3/21/2019,83.650002,86.110001,83.529999,86.07,86.07,5076700
3/22/2019,85.779999,86.290001,85.150002,85.580002,85.580002,4052400
3/25/2019,85.370003,85.620003,84.860001,85.260002,85.260002,2078800
3/26/2019,85.639999,86.940002,85.419998,86.93,86.93,3296800
3/27/2019,87.010002,88.029999,86.629997,87.650002,87.650002,4381100
3/28/2019,87.809998,88.089996,87.010002,87.779999,87.779999,2413500
3/29/2019,88.449997,88.650002,87.550003,88.279999,88.279999,4295200
4/1/2019,88.980003,89.480003,88.120003,89.309998,89.309998,2821600
4/2/2019,89.540001,90.18,89.269997,89.779999,89.779999,3517900
4/3/2019,90.360001,91.190002,89.699997,90.639999,90.639999,3156100
4/4/2019,90.669998,90.839996,89.410004,90.080002,90.080002,2671600
4/5/2019,90.389999,90.599998,89.620003,89.860001,89.860001,1924900
4/8/2019,89.629997,89.629997,87.980003,88.330002,88.330002,7082300
4/9/2019,87.849998,88.559998,87.68,88.230003,88.230003,4726300
4/10/2019,88.120003,88.379997,86.300003,86.75,86.75,6478400
4/11/2019,87.089996,87.169998,85.32,85.540001,85.540001,9136600
4/12/2019,86.040001,86.82,85.25,86.300003,86.300003,5758600
4/15/2019,86.449997,87.059998,85.650002,86.550003,86.550003,3938500
4/16/2019,86.660004,86.709999,84.949997,85.010002,85.010002,5085400
4/17/2019,85.260002,85.580002,84.959999,85.290001,85.290001,2984300
4/18/2019,85.919998,85.919998,85.010002,85.059998,85.059998,3588600
4/22/2019,84.610001,85.790001,84.519997,85.730003,85.730003,3857000
4/23/2019,85.760002,87.349998,85.260002,87.080002,87.080002,3410300
4/24/2019,86.919998,87.080002,85.870003,86.529999,86.529999,2621600
4/25/2019,86.540001,86.760002,85.669998,86.300003,86.300003,3051200
4/26/2019,86.410004,86.739998,84.959999,85.370003,85.370003,2587600
4/29/2019,85.370003,85.599998,84.32,85.050003,85.050003,7410300
4/30/2019,86.25,89.209999,86.18,87.239998,87.239998,6439900
5/1/2019,85.75,87.809998,84.779999,85.93,85.93,7909900
5/2/2019,85.690002,86.290001,84.629997,85.459999,85.459999,3011500
5/3/2019,85.889999,86.970001,85.440002,86.739998,86.739998,3254900
5/6/2019,85.82,88.029999,85.110001,87.800003,87.800003,3896600
5/7/2019,87.129997,87.360001,84.989998,85.540001,85.540001,4073500
5/8/2019,85.300003,85.82,84.910004,85.419998,85.419998,2378200
5/9/2019,81.910004,84.93,81.620003,84.690002,84.690002,11169300
5/10/2019,84.449997,85.25,83.129997,85.230003,85.230003,2647100
5/13/2019,83.599998,84.25,83.050003,83.360001,83.360001,3511000
5/14/2019,83.690002,85.360001,83.43,84.459999,84.459999,3314900
5/15/2019,84.120003,86,83.800003,85.870003,85.870003,4041200
5/16/2019,86.720001,87.839996,85.989998,87.779999,87.779999,3647400
5/17/2019,87.330002,87.589996,86.910004,87.300003,87.300003,2876600
5/20/2019,86.550003,87.849998,86.339996,87.18,87.18,4299000
5/21/2019,88.139999,89,87.779999,88.410004,88.410004,3323700
5/22/2019,88.410004,89.660004,88.120003,89.599998,89.599998,3459700
5/23/2019,88.82,88.970001,86.370003,87.199997,87.199997,3393200
5/24/2019,87.720001,88.160004,86.5,86.900002,86.900002,2573200
5/28/2019,87.330002,87.879997,86.739998,86.970001,86.970001,4511100
5/29/2019,86.650002,86.910004,85.949997,86.809998,86.809998,2442900
5/30/2019,86.959999,87.709999,86.610001,87.129997,87.129997,2112000
5/31/2019,86.300003,86.769997,85.190002,85.860001,85.860001,3794600
6/3/2019,86.089996,86.459999,82.239998,82.68,82.68,5528800
6/4/2019,84.230003,86.230003,83.529999,86.160004,86.160004,4355000
6/5/2019,87.449997,88.449997,87.040001,88.360001,88.360001,2841800
6/6/2019,88.269997,89.440002,88.010002,89.410004,89.410004,4204100
6/7/2019,90,90.720001,89.599998,89.739998,89.739998,3776800
6/10/2019,90.099998,91.089996,89.43,90.580002,90.580002,2392300
6/11/2019,91.269997,91.379997,88.139999,89.639999,89.639999,2773700
6/12/2019,89.709999,90.099998,88.900002,89.769997,89.769997,2789100
6/13/2019,90.080002,90.489998,88.330002,88.660004,88.660004,2044000
6/14/2019,88.699997,89.339996,88.349998,89.199997,89.199997,1806900
6/17/2019,89.169998,89.589996,88.18,88.970001,88.970001,1936400
6/18/2019,89.360001,90.089996,88.279999,89.099998,89.099998,2680800
6/19/2019,89.779999,90.099998,88.480003,90,90,2726000
6/20/2019,90.790001,91.790001,90.290001,91.690002,91.690002,3103400
6/21/2019,92.160004,92.290001,91.040001,91.480003,91.480003,4128100
6/24/2019,91.860001,92.089996,90.629997,90.809998,90.809998,2318100
6/25/2019,90.870003,91.019997,89.730003,90.279999,90.279999,2415600
6/26/2019,91.220001,92.199997,90.139999,90.190002,90.190002,2594000
6/27/2019,90.339996,91.279999,90.120003,90.830002,90.830002,3188800
6/28/2019,91.029999,91.379997,90.470001,91.160004,91.160004,4179200
7/1/2019,92.300003,92.690002,91.330002,92.510002,92.510002,3006700
7/2/2019,92.540001,93.610001,92.150002,93.589996,93.589996,2902500
7/3/2019,94.370003,94.440002,93.660004,94.230003,94.230003,1460400
7/5/2019,93.339996,94.480003,92.510002,94.459999,94.459999,1593100
7/8/2019,94.099998,94.599998,93.519997,93.580002,93.580002,2547900
7/9/2019,92.82,93.900002,92.279999,93.839996,93.839996,3104200
7/10/2019,94.360001,94.889999,93.300003,93.860001,93.860001,2582100
7/11/2019,93.800003,94.300003,93.169998,93.690002,93.690002,3118200
7/12/2019,93.870003,94.639999,93.330002,94.510002,94.510002,2322300
7/15/2019,94.940002,95.419998,94.400002,94.75,94.75,2398400
7/16/2019,94.720001,95.220001,93.660004,93.910004,93.910004,2051100
7/17/2019,94.110001,94.699997,93.599998,94.110001,94.110001,2769300
7/18/2019,94.169998,96.980003,94,96.870003,96.870003,10758200
7/19/2019,96.720001,97.25,94.900002,95.389999,95.389999,6020700
7/22/2019,95.830002,96.160004,95.199997,95.300003,95.300003,3724500
7/23/2019,95.769997,95.769997,94.330002,95.300003,95.300003,3284200
7/24/2019,95.07,95.290001,92.860001,94.169998,94.169998,3579300
7/25/2019,95.470001,97.18,94.5,96.360001,96.360001,7095300
7/26/2019,98.970001,104.309998,98.510002,102.300003,102.300003,22063400
7/29/2019,102.709999,105.019997,102.489998,104.639999,104.639999,41146400
7/30/2019,102.779999,104.220001,102.779999,103.910004,103.910004,11513700
7/31/2019,104.839996,106.879997,103.970001,105.43,105.43,8796200
8/1/2019,107.059998,107.059998,104.18,104.660004,104.660004,6432800
8/2/2019,103.900002,104.830002,103.25,104.32,104.32,4358200
8/5/2019,102.730003,103.360001,99.550003,100.449997,100.449997,7151800
8/6/2019,101.18,103.300003,101.139999,103.019997,103.019997,5443200
8/7/2019,101.790001,105.5,101.169998,104.970001,104.970001,5600900
8/8/2019,105.919998,106.199997,105.010002,105.43,105.43,4645000
8/9/2019,105.080002,105.550003,104.050003,105.300003,105.300003,4169300
8/12/2019,104.93,105.730003,103.5,104.209999,104.209999,5054600
8/13/2019,104.25,105.82,103.849998,105.779999,105.779999,8441800
8/14/2019,104.639999,105.25,101.669998,102.400002,102.400002,3841500
8/15/2019,102.519997,105.93,101.989998,105.489998,105.489998,5205900
8/16/2019,106.419998,107.480003,105.540001,107.260002,107.260002,5758400
8/19/2019,108.099998,108.57,106.669998,107.75,107.75,5335700
8/20/2019,107.540001,108,106.849998,106.989998,106.989998,4713500
8/21/2019,107.769997,108,106.93,107.559998,107.559998,2552600
8/22/2019,107.989998,108.540001,106.949997,108.160004,108.160004,2818800
8/23/2019,107.809998,108.190002,104.339996,104.68,104.68,4545600
8/26/2019,105.510002,106.410004,105.040001,106.379997,106.379997,3320100
8/27/2019,107.190002,107.339996,106.089996,106.980003,106.980003,3451900
8/28/2019,106.379997,106.959999,105.760002,106.75,106.75,1491300
8/29/2019,107.849998,108.279999,107.32,107.639999,107.639999,1990900
8/30/2019,108.050003,108.32,106.32,106.940002,106.940002,4353300
9/3/2019,107.089996,107.209999,105.620003,105.839996,105.839996,2529100
9/4/2019,106.360001,106.660004,105.760002,106.290001,106.290001,3608400
9/5/2019,107.629997,108.82,106.879997,108.699997,108.699997,4913800
9/6/2019,108.669998,109.919998,108.559998,108.620003,108.620003,4046900
9/9/2019,108.809998,109.199997,105.919998,106.68,106.68,4541700
9/10/2019,105.720001,106.190002,101.900002,103.690002,103.690002,4909200
9/11/2019,103.300003,103.720001,101.339996,102,102,4683300
9/12/2019,103.290001,104.809998,102.93,103.889999,103.889999,4468600
9/13/2019,103.760002,103.959999,102.059998,102.599998,102.599998,2856000
9/16/2019,101.779999,104.32,101.5,103.620003,103.620003,2489700
9/17/2019,104.550003,105.25,104.059998,104.82,104.82,2501100
9/18/2019,105,105,102.669998,104.339996,104.339996,4558600
9/19/2019,104.019997,105.839996,104.010002,104.910004,104.910004,4901700
9/20/2019,105.059998,106.089996,103.879997,104.080002,104.080002,6540000
9/23/2019,103.379997,105.239998,103.379997,105.040001,105.040001,4122700
9/24/2019,105.339996,106.760002,103.540001,103.760002,103.760002,6810300
9/25/2019,104.18,104.580002,102.330002,103.940002,103.940002,3422600
9/26/2019,104.190002,105.330002,103.809998,105.07,105.07,3610100
9/27/2019,105.709999,105.790001,102.120003,102.610001,102.610001,3023500
9/30/2019,102.699997,103.809998,102.669998,103.589996,103.589996,2206300
10/1/2019,103.93,104.580002,102.720001,103.150002,103.150002,1978700
10/2/2019,102.269997,102.339996,99.75,100.959999,100.959999,3657500
10/3/2019,101.029999,103.230003,100.18,103.050003,103.050003,2618300
10/4/2019,103.660004,105.860001,103.639999,105.699997,105.699997,3355400
10/7/2019,105,105.309998,104.019997,104.589996,104.589996,2504100
10/8/2019,103.739998,104.5,102.169998,103.110001,103.110001,2397600
10/9/2019,103.519997,105.089996,103.220001,104.699997,104.699997,1964800
10/10/2019,104.040001,105.559998,103.639999,105.139999,105.139999,2065100
10/11/2019,106.089996,106.760002,105.43,105.68,105.68,1929900
10/14/2019,105.809998,106.660004,105.599998,106.019997,106.019997,3337700
10/15/2019,106.849998,107.099998,105.919998,106.889999,106.889999,2694700
10/16/2019,106.019997,106.709999,105.019997,106.550003,106.550003,2345600
10/17/2019,106.529999,107.110001,105.910004,106.190002,106.190002,1999900
10/18/2019,107.160004,107.230003,104.589996,105.669998,105.669998,4536700
10/21/2019,106.730003,106.830002,103.209999,104.440002,104.440002,2655700
10/22/2019,104.25,104.660004,100.029999,100.790001,100.790001,4292900
10/23/2019,100.489998,101.559998,100.290001,101.099998,101.099998,3532100
10/24/2019,101.709999,103.580002,101.279999,103.449997,103.449997,2627300
10/25/2019,102.739998,103.43,101.769997,102.510002,102.510002,2602200
10/28/2019,103.029999,103.379997,102.010002,102.459999,102.459999,1612600
10/29/2019,102.389999,106.860001,102.120003,105.349998,105.349998,3882000
10/30/2019,105.269997,106.529999,104.370003,106.300003,106.300003,2204200
10/31/2019,106.410004,107.440002,105.669998,106.139999,106.139999,3296800
11/1/2019,106.800003,107.029999,105.709999,106.849998,106.849998,2006300
11/4/2019,107.57,107.589996,105.129997,105.290001,105.290001,2165500
11/5/2019,105.300003,105.82,102.839996,104,104,3028000
11/6/2019,103.900002,105.040001,103.440002,104.910004,104.910004,2911900
11/7/2019,108,111.459999,106.610001,109.650002,109.650002,8463600
11/8/2019,109.010002,110.660004,108.800003,110.610001,110.610001,4201100
11/11/2019,110.470001,111.260002,108.68,110.25,110.25,3503300
11/12/2019,110.580002,111.32,109.919998,110.650002,110.650002,2448900
11/13/2019,110.389999,111.75,110.339996,111.330002,111.330002,3382300
11/14/2019,112.32,114.290001,110.809998,114.099998,114.099998,3653600
11/15/2019,114.879997,115,112.199997,113.910004,113.910004,3246500
11/18/2019,114.32,115,113.720001,114.5,114.5,2221700
11/19/2019,114.900002,116.239998,114.230003,116.040001,116.040001,2181200
11/20/2019,115.610001,116.760002,114.82,115.349998,115.349998,2354100
11/21/2019,115.779999,116.199997,113.839996,114.080002,114.080002,2608100
11/22/2019,114.040001,114.389999,112.629997,113.919998,113.919998,2486700
11/25/2019,114.029999,115.099998,114.029999,114.739998,114.739998,2463600
11/26/2019,114.739998,116.949997,114.510002,116.220001,116.220001,8239200
11/27/2019,116.169998,116.349998,114.540001,116.32,116.32,2030400
11/29/2019,116.120003,117.040001,115.860001,116.239998,116.239998,1193300
12/2/2019,116.139999,116.370003,112.970001,114.279999,114.279999,2681500
12/3/2019,114.589996,114.970001,113.349998,114.419998,114.419998,2962600
12/4/2019,114.580002,115.25,114.230003,114.790001,114.790001,2114100
12/5/2019,115.110001,115.540001,114.099998,114.790001,114.790001,2037100
12/6/2019,115.550003,115.889999,114.290001,114.489998,114.489998,2264900
12/9/2019,114.389999,115.489998,114.150002,114.75,114.75,3281300
12/10/2019,114.099998,114.980003,113.519997,113.839996,113.839996,1743700
12/11/2019,113.900002,114.730003,112.599998,114.610001,114.610001,2808700
12/12/2019,114.32,115.459999,113.910004,115.18,115.18,1934800
12/13/2019,114.830002,116.889999,113.599998,116.75,116.75,2346200
12/16/2019,117.099998,118,115.580002,116.510002,116.510002,2271700
12/17/2019,116.949997,117.150002,115.660004,116.779999,116.779999,2434700
12/18/2019,116.620003,117.150002,115.760002,115.889999,115.889999,2120200
12/19/2019,116.139999,116.699997,115.75,116.5,116.5,2574100
12/20/2019,117.080002,117.199997,115.889999,116.669998,116.669998,5097300
12/23/2019,116.589996,117.010002,115.830002,116.330002,116.330002,1451400
12/24/2019,116.040001,116.629997,115.629997,116.629997,116.629997,532100
12/26/2019,116.5,116.779999,115.540001,116.029999,116.029999,1888900
12/27/2019,116.309998,117.220001,115.290001,117.080002,117.080002,1563700
12/30/2019,116.610001,116.709999,115.129997,115.470001,115.470001,1656000
12/31/2019,115.370003,115.760002,114.650002,115.629997,115.629997,2370900
1/2/2020,116,116.339996,115.019997,115.519997,115.519997,5197700
1/3/2020,115.029999,116.730003,114.5,116.370003,116.370003,2834000
1/6/2020,115.18,116.970001,114.860001,116.93,116.93,2114800
1/7/2020,115.949997,117.330002,115.190002,116.480003,116.480003,2397800
1/8/2020,116.559998,117.690002,116.559998,116.800003,116.800003,3323100
1/9/2020,117.540001,118.010002,117.120003,117.800003,117.800003,3434200
1/10/2020,118.480003,118.699997,116.949997,117.129997,117.129997,2077200
1/13/2020,117,118.610001,116.860001,118.529999,118.529999,3094300
1/14/2020,118.309998,118.529999,117.279999,117.550003,117.550003,2662600
1/15/2020,117.93,119.309998,117.709999,118.510002,118.510002,2015100
1/16/2020,119.5,120.269997,118.93,120.209999,120.209999,2011100
1/17/2020,120.790001,120.860001,119.769997,120.68,120.68,4086600
1/21/2020,120.599998,121.610001,120.339996,120.610001,120.610001,2426700
1/22/2020,121.300003,122.519997,121.279999,122.040001,122.040001,2922900
1/23/2020,122.050003,122.510002,121.040001,122.230003,122.230003,2105300
1/24/2020,122.580002,122.93,120.529999,120.839996,120.839996,1736200
1/27/2020,118.699997,120.370003,118.220001,119.300003,119.300003,1651200
1/28/2020,119.300003,121.139999,119.059998,120.43,120.43,3917500
1/29/2020,120.849998,121.050003,119.690002,120.040001,120.040001,2088000
1/30/2020,119,121.339996,118.269997,121.230003,121.230003,2094300
1/31/2020,120.589996,120.82,118.110001,118.610001,118.610001,3428500
2/3/2020,119.959999,122.080002,119.510002,121.940002,121.940002,2986000
2/4/2020,123.620003,125.050003,123,123.889999,123.889999,4570700
2/5/2020,122.639999,124.239998,119.669998,121.669998,121.669998,5650300
2/6/2020,120.75,122,120.419998,121.669998,121.669998,3494300
2/7/2020,120.699997,122.129997,120.290001,121.860001,121.860001,2374000
2/10/2020,121.419998,123.550003,121.169998,123.209999,123.209999,2742900
2/11/2020,123.809998,124.610001,120.540001,120.709999,120.709999,3231200
2/12/2020,120.480003,121.07,119.010002,119.139999,119.139999,4050300
2/13/2020,118.849998,122.339996,118.709999,121.059998,121.059998,3207600
2/14/2020,121.120003,122.360001,120.699997,122.32,122.32,2796500
2/18/2020,122.949997,123.720001,121.669998,122.25,122.25,2899500
2/19/2020,122.650002,123.779999,122.400002,123.550003,123.550003,3636700
2/20/2020,123.300003,123.480003,120.25,121.839996,121.839996,3285100
2/21/2020,121.519997,121.790001,118.639999,119.489998,119.489998,3563700
2/24/2020,116.580002,118.879997,116.040001,116.589996,116.589996,3706400
2/25/2020,116.790001,117.279999,113.050003,113.25,113.25,4117500
2/26/2020,113.800003,115.260002,112.07,112.870003,112.870003,3917900
2/27/2020,110.790001,112.739998,108.160004,108.540001,108.540001,6824500
2/28/2020,105.120003,109.510002,104.580002,109.360001,109.360001,7131800
3/2/2020,108.639999,114.290001,107.18,114.230003,114.230003,5516400
3/3/2020,113,114.949997,108.389999,109.370003,109.370003,5171100
3/4/2020,111,112.910004,109.379997,112.18,112.18,5787500
3/5/2020,109.150002,111.529999,107.639999,109.25,109.25,4642100
3/6/2020,103.980003,107.379997,103.07,106.809998,106.809998,4426400
3/9/2020,99.870003,103,98.110001,100.029999,100.029999,5444700
3/10/2020,102.75,107.089996,99.099998,107.029999,107.029999,8579600
3/11/2020,103.800003,108.040001,101.879997,102.419998,102.419998,8777800
3/12/2020,95.199997,101.110001,93.580002,94.919998,94.919998,13496000
3/13/2020,100.160004,103.650002,95.360001,103.419998,103.419998,8218100
3/16/2020,93.690002,94.809998,84.760002,86.18,86.18,11294700
3/17/2020,88.449997,91.169998,83.910004,90.889999,90.889999,8093500
3/18/2020,84.669998,86.919998,75.910004,80.949997,80.949997,9787900
3/19/2020,80.5,85.989998,73.5,84.459999,84.459999,9574600
3/20/2020,87.110001,89.589996,81.139999,81.769997,81.769997,9676600
3/23/2020,81.419998,81.730003,74.849998,77,77,9240500
3/24/2020,81.620003,87.379997,80.739998,86.650002,86.650002,6874900
3/25/2020,86.599998,94.589996,85.089996,91.199997,91.199997,5645400
3/26/2020,92.230003,98.349998,90.5,97.690002,97.690002,5698400
3/27/2020,94.540001,96.790001,92.019997,93.949997,93.949997,7067600
3/30/2020,93.949997,98.739998,93.739998,98.330002,98.330002,4787700
3/31/2020,95.879997,97.989998,94.080002,94.989998,94.989998,8472200
4/1/2020,91,92,87.440002,88.010002,88.010002,4128000
4/2/2020,85.919998,89.410004,85,88.75,88.75,3913700
4/3/2020,88.269997,89.720001,84.370003,86.190002,86.190002,3740000
4/6/2020,91.580002,96.529999,90.129997,95.860001,95.860001,7687700
4/7/2020,99.900002,100.43,94.470001,94.620003,94.620003,3622400
4/8/2020,95.68,98.830002,94.529999,98.370003,98.370003,3847300
4/9/2020,100.099998,101.82,97.910004,99.220001,99.220001,3830500
4/13/2020,97.989998,98.400002,94.610001,96.970001,96.970001,3721400
4/14/2020,98.800003,98.800003,95.360001,96.849998,96.849998,6404900
4/15/2020,94.760002,95.389999,92.830002,93.660004,93.660004,6378200
4/16/2020,95.110001,96.050003,93.019997,95.730003,95.730003,4143500
4/17/2020,98.889999,100.769997,98,100.629997,100.629997,4171900
4/20/2020,98.830002,99.779999,96.830002,97.239998,97.239998,3060800
4/21/2020,94.870003,95.599998,91.400002,91.760002,91.760002,3795300
4/22/2020,94.290001,96.459999,93.330002,95.400002,95.400002,3742600
4/23/2020,94.949997,96.650002,93.790001,94.610001,94.610001,2496300
4/24/2020,95.290001,96.690002,93.620003,96.290001,96.290001,3279300
4/27/2020,97.489998,99.379997,96.480003,99.18,99.18,3202500
4/28/2020,100.839996,101.199997,99.010002,99.779999,99.779999,4735100
4/29/2020,102,105.580002,101.68,104.730003,104.730003,4935200
4/30/2020,103.93,104.260002,102.089996,103.059998,103.059998,3281900
5/1/2020,101.190002,102.150002,99.669998,100.25,100.25,2984500
5/4/2020,99.43,101.699997,99,101.540001,101.540001,3496300
5/5/2020,102.129997,105.120003,102.059998,103.830002,103.830002,3330700
5/6/2020,105,107.059998,104.419998,105.489998,105.489998,3864600
5/7/2020,105.489998,108.370003,105.050003,107.32,107.32,4234700
5/8/2020,106.690002,108.830002,103.419998,104.779999,104.779999,8497200
5/11/2020,104.120003,104.339996,101.5,101.730003,101.730003,6577300
5/12/2020,101.959999,102.540001,100.07,100.269997,100.269997,7032200
5/13/2020,99.480003,101.190002,97.5,98.860001,98.860001,6212300
5/14/2020,99.690002,99.870003,96.940002,99.32,99.32,5780000
5/15/2020,99.290001,100.639999,98.190002,100.019997,100.019997,3755600
5/18/2020,102.150002,106.510002,101.800003,105.050003,105.050003,5025600
5/19/2020,104.589996,106.160004,101.889999,102.480003,102.480003,6305600
5/20/2020,104.040001,106.040001,103.440002,105.800003,105.800003,4425100
5/21/2020,105.489998,105.550003,103.07,103.580002,103.580002,2951900
5/22/2020,103.559998,104.489998,102.93,103.93,103.93,3035500
5/26/2020,106.610001,106.879997,104.330002,105.239998,105.239998,4137400
5/27/2020,105.760002,106.32,102.940002,105.349998,105.349998,3381600
5/28/2020,105.800003,107.690002,104.970001,106.190002,106.190002,3772900
5/29/2020,106.559998,107.07,104.709999,106.769997,106.769997,5371500
6/1/2020,106.330002,109.089996,106.330002,108.870003,108.870003,3407400
6/2/2020,108.940002,109.5,106.790001,107.82,107.82,3752600
6/3/2020,108.790001,109.25,106.910004,108.839996,108.839996,3924600
6/4/2020,108.470001,108.839996,105.040001,105.75,105.75,4265100
6/5/2020,107.480003,109.839996,106.220001,109.550003,109.550003,6215500
6/8/2020,109.139999,109.709999,106.32,106.879997,106.879997,5069000
6/9/2020,106.980003,108.760002,106.75,107.389999,107.389999,4525100
6/10/2020,107.550003,108.410004,105.129997,106.669998,106.669998,4297700
6/11/2020,105.25,105.400002,98.830002,99.849998,99.849998,6983100
6/12/2020,102.400002,102.620003,98.449997,100.339996,100.339996,4836900
6/15/2020,99.150002,100.93,97.599998,99.940002,99.940002,4434700
6/16/2020,102.739998,104.25,101.419998,103.32,103.32,3928000
6/17/2020,103.639999,104.309998,102.169998,103.150002,103.150002,3143800
6/18/2020,103.449997,104.360001,102.379997,104.029999,104.029999,3445100
6/19/2020,105.339996,105.339996,99.209999,100.050003,100.050003,7948500
6/22/2020,99.790001,102.5,99.489998,101.290001,101.290001,4970500
6/23/2020,102.330002,103.199997,101.099998,101.959999,101.959999,3608200
6/24/2020,101.019997,101.599998,96.349998,96.610001,96.610001,5705000
6/25/2020,96.629997,97.739998,96.050003,97.43,97.43,3708600
6/26/2020,97.239998,97.900002,94.5,94.919998,94.919998,20213300
6/29/2020,95.160004,97.040001,93.75,97.010002,97.010002,5012400
6/30/2020,96.279999,98.019997,96.010002,97.620003,97.620003,4393400
7/1/2020,97.879997,98.980003,96.959999,98.5,98.5,4013100
7/2/2020,100,100.720001,98.059998,98.25,98.25,2663400
7/6/2020,99.43,99.870003,97.839996,98.110001,98.110001,2960400
7/7/2020,97.959999,99.849998,96.459999,96.809998,96.809998,4228700
7/8/2020,96.989998,97.690002,95.889999,97.099998,97.099998,3535700
7/9/2020,97.099998,97.629997,93.900002,94.82,94.82,4720300
7/10/2020,94.809998,96.209999,94.360001,95.980003,95.980003,4769700
7/13/2020,96.760002,97.18,94.190002,94.360001,94.360001,4305700
7/14/2020,93.849998,97.690002,93.620003,97.540001,97.540001,5134700
7/15/2020,98.959999,102.019997,98.599998,100.739998,100.739998,5643700
7/16/2020,100.25,100.690002,98.82,99.379997,99.379997,3571000
7/17/2020,100.910004,102.989998,99.419998,102.599998,102.599998,5067400
7/20/2020,102.550003,103.629997,101.790001,102.07,102.07,4117800
7/21/2020,102.690002,102.980003,101.349998,101.610001,101.610001,3179900
7/22/2020,101.610001,102.660004,101.459999,102.440002,102.440002,2517800
7/23/2020,102.730003,104.290001,101.510002,102.190002,102.190002,4905100
7/24/2020,101.790001,102.169998,99.870003,100.629997,100.629997,2095100
7/27/2020,100.169998,101.529999,99.5,101.150002,101.150002,2737500
7/28/2020,100.860001,101.309998,99.18,99.900002,99.900002,3800000
7/29/2020,100.300003,101.709999,99.690002,101.370003,101.370003,2144500
7/30/2020,99.699997,100.68,98.839996,100.449997,100.449997,3604400
7/31/2020,100.470001,100.470001,98.860001,99.790001,99.790001,3472200
8/3/2020,100.519997,101.349998,99.279999,100.540001,100.540001,5105300
8/4/2020,100.199997,101.830002,99.330002,99.650002,99.650002,5031800
8/5/2020,100.720001,100.970001,97.620003,98,98,5283200
8/6/2020,100.900002,103.690002,99.389999,102.379997,102.379997,9840800
8/7/2020,101.510002,103.989998,100.220001,103.910004,103.910004,4631300
8/10/2020,103.68,103.93,99,99.339996,99.339996,7090400
8/11/2020,98.900002,99.889999,96.989998,98.220001,98.220001,6512100
8/12/2020,98.889999,100.18,97.889999,97.970001,97.970001,4012300
8/13/2020,98.220001,100.25,97.989998,99.480003,99.480003,2541400
8/14/2020,98.940002,100.099998,98.510002,99.769997,99.769997,2182200
8/17/2020,100.290001,102.720001,99.970001,102.18,102.18,3473800
8/18/2020,102.160004,103.550003,101.550003,102.669998,102.669998,4321000
8/19/2020,103.43,104.400002,100.199997,100.440002,100.440002,5469800
8/20/2020,99.529999,99.720001,96.82,97,97,6029000
8/21/2020,96.57,97.589996,95.050003,95.629997,95.629997,6789900
8/24/2020,96.43,97.459999,94.989998,96.220001,96.220001,6829300
8/25/2020,96.650002,98.449997,96.260002,98.239998,98.239998,3663900
8/26/2020,98.720001,99.199997,97.629997,97.940002,97.940002,2943200
8/27/2020,99.720001,99.720001,97.660004,99,99,4962900
8/28/2020,99.260002,100.169998,98.260002,100.160004,100.160004,3014400
8/31/2020,100.019997,101.040001,98.830002,99.580002,99.580002,4930400
9/1/2020,99.440002,99.989998,98.639999,99.370003,99.370003,4219200
9/2/2020,100,103.629997,99.410004,103.129997,103.129997,4505600
9/3/2020,103.169998,103.370003,99.370003,100.660004,100.660004,7170800
9/4/2020,101.050003,101.790001,98.029999,99.029999,99.029999,5882800
9/8/2020,97.580002,97.959999,94.739998,94.980003,94.980003,7057100
9/9/2020,96.830002,96.830002,94.639999,96.43,96.43,4582600
9/10/2020,96.82,98.769997,94.480003,95,95,4106900
9/11/2020,95.410004,96.07,92.150002,93.059998,93.059998,6057700
9/14/2020,94.75,97.690002,94.190002,97.169998,97.169998,5031100
9/15/2020,98.239998,101.410004,98,100.589996,100.589996,5667000
9/16/2020,101.059998,103.349998,100.839996,102.260002,102.260002,7866700
9/17/2020,100.139999,103.860001,99.730003,103.800003,103.800003,6920900
9/18/2020,104.160004,104.699997,101.900002,103.5,103.5,15881900
9/21/2020,101.239998,102,98.160004,99.610001,99.610001,6951800
9/22/2020,100.07,101.199997,98.459999,101.089996,101.089996,3664000
9/23/2020,100.559998,101.370003,98.5,99.349998,99.349998,4648400
9/24/2020,98.169998,99.669998,96.769997,98.279999,98.279999,4944800
9/25/2020,98,102.5,97.540001,102.129997,102.129997,4459400
9/28/2020,104,104.669998,103.190002,104.07,104.07,3650000
9/29/2020,103.580002,104.739998,103.410004,103.589996,103.589996,3660200
9/30/2020,103.959999,104.25,102.07,103.050003,103.050003,5067300
10/1/2020,104.290001,105.800003,103.379997,104.25,104.25,2943600
10/2/2020,101.900002,102.949997,100.900002,101.650002,101.650002,3257200
10/5/2020,102.800003,102.989998,100.059998,100.82,100.82,4268000
10/6/2020,102.660004,104.739998,101.860001,102.360001,102.360001,4581500
10/7/2020,102.959999,103.629997,101.779999,102.419998,102.419998,3744200
10/8/2020,103.330002,104.199997,102.639999,103.389999,103.389999,2680500
10/9/2020,103.879997,105.269997,103.150002,105.110001,105.110001,2484700
10/12/2020,105.589996,107.199997,104.559998,106.68,106.68,4772500
10/13/2020,106.75,107.080002,104.709999,104.760002,104.760002,4155000
10/14/2020,104.760002,105.330002,101.800003,102.709999,102.709999,4643400
10/15/2020,101.230003,102.059998,100.32,101.809998,101.809998,3689000
10/16/2020,102.309998,103.529999,101,101.220001,101.220001,2885400
10/19/2020,101.360001,101.519997,98.459999,98.739998,98.739998,3800200
10/20/2020,99.110001,100.230003,98.360001,99.529999,99.529999,2889400
10/21/2020,98.889999,100.599998,98.639999,99.360001,99.360001,3907700
10/22/2020,99.5,101.059998,98.400002,100.879997,100.879997,3174300
10/23/2020,101.410004,101.900002,100.190002,101.18,101.18,2232900
10/26/2020,99.889999,100.050003,96.720001,98.379997,98.379997,4897700
10/27/2020,98.510002,99.529999,96.25,96.610001,96.610001,6889300
10/28/2020,97,98.25,93.209999,93.519997,93.519997,9223300
10/29/2020,93.620003,96.730003,92.809998,95.769997,95.769997,5087400
10/30/2020,94.75,95.559998,93.349998,95.470001,95.470001,6677200
11/2/2020,96.919998,97.879997,95.949997,97.290001,97.290001,3533100
11/3/2020,98.029999,99.889999,97.620003,98.949997,98.949997,3593200
11/4/2020,101.470001,102.5,100.760002,101.190002,101.190002,5508700
11/5/2020,102.199997,103.580002,101.779999,102.160004,102.160004,3678700
11/6/2020,102.209999,103.400002,101.739998,103.07,103.07,2825900
11/9/2020,109.75,117.529999,109.040001,109.099998,109.099998,8323900
11/10/2020,108.099998,108.529999,106.360001,106.800003,106.800003,5180100
11/11/2020,108.010002,108.389999,105.419998,107.360001,107.360001,3031900
11/12/2020,106.550003,107.190002,105.220001,105.699997,105.699997,2760600
11/13/2020,106.800003,109.25,106.269997,108.849998,108.849998,2620200
11/16/2020,110.769997,111.440002,108.610001,109.709999,109.709999,3215000
11/17/2020,108.790001,110.419998,108.169998,109.949997,109.949997,2524700
11/18/2020,109.75,110.360001,107.910004,107.970001,107.970001,2861800
11/19/2020,111.370003,113.199997,109.260002,113.019997,113.019997,6914600
11/20/2020,112.690002,114.139999,112.339996,113.07,113.07,4370600
11/23/2020,114.129997,114.199997,111.559998,112.099998,112.099998,2896600
11/24/2020,113.830002,115,113.120003,114.879997,114.879997,4376300
11/25/2020,114.809998,115.309998,112.300003,114.980003,114.980003,3663300
11/27/2020,115.080002,115.809998,114.68,115.529999,115.529999,1707000
11/30/2020,114.629997,115.330002,112.889999,115.18,115.18,3734800
12/1/2020,116.470001,117.349998,115.550003,115.790001,115.790001,3635600
12/2/2020,115.440002,116.489998,114.330002,115.519997,115.519997,2478900
12/3/2020,115.129997,117.330002,114.949997,116.050003,116.050003,3347900
12/4/2020,116.519997,117.699997,115.290001,117.129997,117.129997,3444800
12/7/2020,117.940002,118.190002,116.639999,116.93,116.93,3686000
12/8/2020,120,121.830002,117.489998,117.989998,117.989998,4837600
12/9/2020,116,116.43,113.970001,114.580002,114.580002,6430300
12/10/2020,112.339996,115.599998,112.25,114.830002,114.830002,10790200
12/11/2020,114.25,115.389999,113.57,114.82,114.82,3786200
12/14/2020,115.540001,115.800003,113.529999,113.629997,113.629997,3691800
12/15/2020,114.480003,114.839996,113.25,114.68,114.68,3164100
12/16/2020,114.650002,115.449997,113.699997,114.169998,114.169998,3659800
12/17/2020,114.730003,115.040001,113.660004,114.699997,114.699997,3944300
12/18/2020,115.389999,115.489998,113.129997,114.809998,114.809998,6349100
12/21/2020,112.470001,113.139999,110.349998,112.489998,112.489998,4212400
12/22/2020,110.82,111.669998,110.190002,110.519997,110.519997,3802500
12/23/2020,111.040001,111.199997,109.610001,110.639999,110.639999,2906300
12/24/2020,111.080002,112.739998,110.889999,112.629997,112.629997,1683100
12/28/2020,113.339996,113.440002,111.779999,112.669998,112.669998,2534800
12/29/2020,113.480003,113.949997,111.690002,111.870003,111.870003,4950000
12/30/2020,112.709999,113.599998,112.489998,112.879997,112.879997,2421900
12/31/2020,112.559998,113.959999,112.32,113.860001,113.860001,2052200
1/4/2021,113.75,114,109.57,111.919998,111.919998,4326400
1/5/2021,113.309998,114.110001,112.040001,112.360001,112.360001,4035800
1/6/2021,111.900002,115.989998,111.529999,114.18,114.18,3166500
1/7/2021,114.980003,115.599998,114,114.43,114.43,4053400
1/8/2021,114.480003,117.269997,114.480003,116.790001,116.790001,3859900
1/11/2021,116.25,117.099998,114.300003,115.050003,115.050003,2729200
1/12/2021,114.040001,115.440002,109.519997,111.199997,111.199997,6062700
1/13/2021,112.019997,112.330002,109.18,110.239998,110.239998,6099100
1/14/2021,110.830002,111.010002,107.870003,107.980003,107.980003,6471900
1/15/2021,106.559998,109.010002,106.169998,108.199997,108.199997,7128700
1/19/2021,109.379997,109.440002,107.260002,107.669998,107.669998,3855400
1/20/2021,107.68,109.970001,107.599998,109.139999,109.139999,5003300
1/21/2021,109.360001,109.919998,108.459999,108.949997,108.949997,3715800
1/22/2021,107.760002,108.650002,106.849998,107.279999,107.279999,3858000
1/25/2021,106.75,106.760002,103.779999,106.709999,106.709999,7769100
1/26/2021,107.050003,107.989998,105.940002,106.209999,106.209999,5365200
1/27/2021,104.059998,104.790001,100.360001,103.220001,103.220001,9201200
1/28/2021,104.360001,106.290001,103.919998,105.25,105.25,6837500
1/29/2021,104.82,104.949997,102.309998,102.690002,102.690002,5523300
2/1/2021,103.860001,107.550003,103.089996,106.5,106.5,5445900
2/2/2021,107.93,111.099998,107.239998,110.019997,110.019997,4617500
2/3/2021,110.120003,111.110001,109.550003,110.199997,110.199997,4551500
2/4/2021,111.720001,113.080002,110.199997,112.239998,112.239998,3515300
2/5/2021,112.75,113.739998,111.980003,112.220001,112.220001,2656100
2/8/2021,113.419998,114.370003,112.559998,113.400002,113.400002,3876100
2/9/2021,112.650002,114.059998,111.220001,113.449997,113.449997,3774700
2/10/2021,113.949997,114.349998,108.589996,109.419998,109.419998,7297100
2/11/2021,110.690002,110.690002,107.660004,108.480003,108.480003,6702300
2/12/2021,108.790001,110.709999,108.190002,109.989998,109.989998,3605700
2/16/2021,110.989998,110.989998,108.599998,110.199997,110.199997,3768700
2/17/2021,109.769997,111.879997,109.580002,111.07,111.07,3772100
2/18/2021,111.599998,113.559998,111.260002,113.050003,113.050003,6335000
2/19/2021,113.459999,113.849998,110.25,111.360001,111.360001,5864600
2/22/2021,110.949997,114.5,109.870003,113.360001,113.360001,4778900
2/23/2021,113.220001,116.199997,112.230003,115.599998,115.599998,5073600
2/24/2021,114.5,120.5,114.43,119.07,119.07,6884300
2/25/2021,118.089996,119.160004,116.169998,116.290001,116.290001,6158800
2/26/2021,117.110001,117.68,114.279999,115.370003,115.370003,4169700
3/1/2021,117,117.669998,116.110001,116.68,116.68,3492100
3/2/2021,116.050003,116.870003,115.089996,115.68,115.68,3232400
3/3/2021,115.199997,116.339996,114.550003,115.800003,115.800003,3602100
3/4/2021,116.239998,118.089996,113.93,115.550003,115.550003,5181400
3/5/2021,116.980003,120.449997,115.519997,119.690002,119.690002,6138500
3/8/2021,120.199997,123.360001,119.75,121.5,121.5,5790900
3/9/2021,122.400002,124.220001,122.199997,122.5,122.5,5017900
3/10/2021,123.120003,124.349998,121.839996,123.860001,123.860001,3938200
3/11/2021,122.669998,126.25,122.669998,124.110001,124.110001,4352200
3/12/2021,123.970001,125.010002,123.120003,124.129997,124.129997,3340600
3/15/2021,124.199997,124.889999,123.440002,124,124,2758100
3/16/2021,124.32,124.940002,123.629997,124.120003,124.120003,2523600
3/17/2021,124.309998,124.309998,122.900002,123.529999,123.529999,2631100
3/18/2021,121.790001,123.709999,121.339996,122.410004,122.410004,3224000
3/19/2021,122.699997,123,121.029999,121.870003,121.870003,5051100
3/22/2021,121.970001,122.580002,121.18,121.709999,121.709999,2876400
3/23/2021,121.889999,122.57,120.790001,121.290001,121.290001,2907500
3/24/2021,121.800003,124.029999,121.720001,123.25,123.25,3551900
3/25/2021,122.529999,123.389999,120.699997,122.949997,122.949997,3485100
3/26/2021,123.160004,124.209999,122.260002,123.610001,123.610001,4135000
3/29/2021,122.440002,122.760002,119.050003,121.489998,121.489998,5340000
3/30/2021,120.580002,121.449997,119.300003,120.760002,120.760002,3511900
3/31/2021,120.300003,120.739998,118.540001,119.040001,119.040001,5063800
4/1/2021,120,122.690002,119.629997,122.169998,122.169998,4114400
4/5/2021,122.290001,123.790001,121.639999,122.870003,122.870003,3575400
4/6/2021,122.660004,123.870003,121.279999,123.690002,123.690002,2990000
4/7/2021,123.529999,124.040001,122.699997,123.120003,123.120003,3133600
4/8/2021,123.540001,124.400002,123.190002,124.150002,124.150002,2952300
4/9/2021,123.510002,124.68,123.150002,124.290001,124.290001,3649200
4/12/2021,124.290001,124.639999,123.660004,124.129997,124.129997,2670400
4/13/2021,124.040001,124.699997,123.07,124.5,124.5,3370100
4/14/2021,124.790001,125.050003,123.510002,123.849998,123.849998,2412500
4/15/2021,124.660004,126.300003,124.389999,125.529999,125.529999,3054500
4/16/2021,125.349998,126.029999,124.879997,125.089996,125.089996,5110900
4/19/2021,125.089996,125.660004,124.339996,125.129997,125.129997,3175600
4/20/2021,124.5,125.480003,124.029999,124.559998,124.559998,3715400
4/21/2021,125.870003,125.870003,124.139999,124.82,124.82,3909800
4/22/2021,124.419998,125.230003,123.790001,124.629997,124.629997,3504000
4/23/2021,124.300003,126.519997,123.580002,126.019997,126.019997,3887700
4/26/2021,126.040001,127.339996,125.870003,126.550003,126.550003,4584100
4/27/2021,124.849998,125.459999,121.230003,121.660004,121.660004,9036900
4/28/2021,122.139999,124.07,121.940002,123.419998,123.419998,5084400
4/29/2021,123.629997,123.720001,121.099998,122.260002,122.260002,3581900
4/30/2021,118.440002,120.400002,118.080002,120.120003,120.120003,14411700
5/3/2021,121.290001,121.790001,119.730003,120.07,120.07,10723800
5/4/2021,119.5,119.849998,117.129997,118.040001,118.040001,7520900
5/5/2021,118.610001,118.989998,116.440002,116.589996,116.589996,3896100
5/6/2021,116.93,118.169998,115.629997,118.129997,118.129997,4155300
5/7/2021,118.830002,119.07,117.129997,117.650002,117.650002,3840100
5/10/2021,118.220001,118.709999,116.089996,116.150002,116.150002,3146300
5/11/2021,115.139999,115.730003,113.669998,114.830002,114.830002,6195700
5/12/2021,113.989998,114.360001,112.739998,113.040001,113.040001,4974600
5/13/2021,113.459999,114.029999,112.410004,113.510002,113.510002,4464800
5/14/2021,114.019997,115.57,114,114.410004,114.410004,2734700
5/17/2021,113.449997,114.199997,112.099998,112.82,112.82,6114000
5/18/2021,113.410004,114.529999,112.540001,113.699997,113.699997,5246300
5/19/2021,112.040001,113.120003,111.410004,113.07,113.07,4623800
5/20/2021,113.089996,115.510002,113.07,114.620003,114.620003,4976800
5/21/2021,115.209999,115.559998,113.93,114.220001,114.220001,2727800
5/24/2021,115.559998,116,114.360001,115.860001,115.860001,3656700
5/25/2021,115.940002,116.599998,115.580002,115.709999,115.709999,4594200
5/26/2021,115.760002,116.190002,114.699997,115.349998,115.349998,4137700
5/27/2021,115.639999,116.260002,115.18,115.650002,115.650002,7142800
5/28/2021,116.599998,116.720001,114.970001,115.199997,115.199997,2779000
6/1/2021,115.949997,116.440002,114.330002,114.43,114.43,4237800
6/2/2021,114.870003,116.209999,114.620003,114.889999,114.889999,3296000
6/3/2021,114.150002,114.190002,112.760002,113.059998,113.059998,4141300
6/4/2021,113.370003,113.949997,113.089996,113.400002,113.400002,3412400
6/7/2021,112.519997,113.349998,109.32,109.660004,109.660004,6852900
6/8/2021,110.470001,110.800003,109.669998,109.809998,109.809998,4823100
6/9/2021,110.720001,111.650002,110,111.110001,111.110001,4789300
6/10/2021,111,111.400002,109.050003,109.489998,109.489998,7492200
6/11/2021,110.389999,110.5,109.830002,110.199997,110.199997,3552900
6/14/2021,110.129997,110.199997,108.089996,109.110001,109.110001,4863500
6/15/2021,109.379997,109.980003,108.43,109.730003,109.730003,3655000
6/16/2021,109.849998,109.910004,107.470001,108.199997,108.199997,4554900
6/17/2021,108.059998,110.260002,107.989998,109.050003,109.050003,4220900
6/18/2021,108.230003,108.599998,107.419998,107.559998,107.559998,4886400
6/21/2021,108.199997,109.360001,107.68,108.489998,108.489998,3756500
6/22/2021,108.489998,108.599998,107.400002,108.300003,108.300003,3567300
6/23/2021,108.300003,108.510002,107.279999,107.370003,107.370003,3172600
6/24/2021,108.059998,109.050003,107.870003,108.5,108.5,3052300
6/25/2021,108.440002,109.370003,108.18,108.989998,108.989998,5546500
6/28/2021,109.25,109.480003,107.360001,108.129997,108.129997,3592600
6/29/2021,108.080002,108.910004,106.480003,106.589996,106.589996,4325600
6/30/2021,106.599998,107.160004,106.360001,106.889999,106.889999,4234200
7/1/2021,107.260002,108.809998,107.110001,108.339996,108.339996,3196800
7/2/2021,108.720001,109.540001,108.470001,109.269997,109.269997,3261900
